Open, Close, High, Low, Volume
30.915,30.825,30.915,30.795,20334
30.82,30.825,30.85,30.805,4780
30.81,30.84,30.845,30.805,4514
30.82,30.79,30.87,30.78,3968
30.825,30.86,30.86,30.825,1062
30.855,30.885,30.885,30.82,8182
30.9,30.9,30.9,30.845,6072
30.9,30.875,30.91,30.855,3722
30.88,30.865,30.88,30.82,13060
30.88,30.875,30.93,30.865,10998
30.86,30.765,30.88,30.765,11232
30.755,30.73,30.765,30.685,14048
30.73,30.71,30.73,30.67,15856
30.78,30.67,30.8,30.66,18258
30.64,30.74,30.83,30.625,44990
30.94,30.85,30.985,30.85,1008
30.88,30.92,31.095,30.88,902
30.94,30.79,30.94,30.77,2866
30.785,30.77,30.86,30.71,2772
30.68,30.55,30.715,30.53,4668
30.555,30.445,30.59,30.445,2724
30.435,30.23,30.435,30.21,7466
30.21,30.185,30.21,30.135,2410
30.16,29.94,30.16,29.93,5908
29.95,30.065,30.13,29.95,4656
30.095,30.175,30.22,30.095,2642
30.135,30.165,30.165,30.07,2770
30.175,30.18,30.195,30.155,3618
30.145,30.145,30.145,30.145,202
30.02,30.035,30.05,30.01,3162
29.97,30.025,30.025,29.96,1702
29.965,29.925,30.005,29.9,1730
29.935,29.96,29.98,29.935,1630
30.015,29.985,30.015,29.94,2668
29.985,29.99,29.99,29.985,526
30.11,30.11,30.11,30.11,200
30.12,30.14,30.14,30.115,1306
30.16,30.14,30.16,30.1,3456
30.13,30.175,30.185,30.13,2050
30.175,30.19,30.21,30.17,3854
30.15,30.215,30.215,30.15,1874
30.215,30.275,30.275,30.215,1322
30.255,30.255,30.255,30.255,1244
30.195,30.195,30.195,30.195,784
30.16,30.16,30.16,30.16,200
30.19,30.14,30.19,30.14,898
30.17,30.105,30.17,30.09,3396
30.14,30.095,30.14,30.095,2610
30.105,30.115,30.115,30.105,1240
30.17,30.255,30.255,30.17,608
30.28,30.29,30.29,30.28,400
30.28,30.26,30.29,30.26,1850
30.23,30.23,30.23,30.23,200
30.21,30.21,30.22,30.21,604
30.22,30.22,30.22,30.22,202
30.3,30.3,30.3,30.3,200
30.295,30.295,30.295,30.295,200
30.29,30.29,30.29,30.29,200
30.22,30.19,30.22,30.19,602
30.18,30.18,30.18,30.18,228
30.19,30.215,30.215,30.19,1106
30.23,30.24,30.24,30.22,802
30.24,30.22,30.24,30.22,1148
30.19,30.215,30.215,30.19,904
30.21,30.185,30.21,30.18,800
30.215,30.23,30.23,30.215,800
30.32,30.38,30.39,30.32,652
30.39,30.44,30.47,30.39,1992
30.45,30.43,30.45,30.43,912
30.42,30.4,30.425,30.4,1466
30.395,30.39,30.42,30.39,2184
30.375,30.36,30.375,30.36,1008
30.37,30.38,30.38,30.37,1164
30.43,30.39,30.43,30.375,1950
30.37,30.36,30.37,30.34,1424
30.36,30.305,30.37,30.27,7226
30.305,30.29,30.31,30.28,1032
30.29,30.28,30.3,30.265,3968
30.255,30.3,30.3,30.245,7934
30.29,30.235,30.29,30.23,3650
30.24,30.225,30.245,30.19,3940
30.24,30.215,30.26,30.215,3978
30.22,30.2,30.22,30.18,2440
30.2,30.17,30.21,30.12,6056
30.18,30.18,30.18,30.135,3512
30.17,30.18,30.26,30.17,11194
30.17,30.19,30.21,30.17,12884
30.18,30.17,30.19,30.12,8908
30.17,30.21,30.23,30.17,12422
30.205,30.175,30.22,30.15,24170
30.17,30.19,30.22,30.12,52040
31.6,32.375,32.41,31.6,4340
32.31,32.31,32.4,32.26,1833
32.52,32.55,32.61,32.49,1646
32.46,32.44,32.53,32.4,2249
32.38,32.29,32.39,32.25,2526
32.29,32.42,32.44,32.29,1444
32.44,32.42,32.51,32.42,1648
32.375,32.26,32.375,32.26,1272
32.3,32.37,32.39,32.3,686
32.365,32.28,32.365,32.24,1283
32.24,32.31,32.31,32.24,793
32.285,32.36,32.36,32.165,1551
32.37,32.47,32.47,32.35,1090
32.46,32.46,32.48,32.42,1416
32.5,32.58,32.58,32.495,662
32.58,32.53,32.6,32.5,2016
32.58,32.6,32.65,32.58,1539
32.6,32.53,32.6,32.51,1177
32.53,32.625,32.64,32.53,2415
32.63,32.78,32.88,32.615,2488
32.75,32.74,32.78,32.69,1702
32.77,32.77,32.77,32.77,151
32.8,32.79,32.8,32.73,2180
32.73,32.77,32.79,32.69,2332
32.765,32.85,32.85,32.765,1164
32.83,32.83,32.83,32.83,100
32.85,32.86,32.91,32.85,3380
32.85,32.87,32.92,32.85,1618
32.93,32.81,32.93,32.775,1348
32.8,32.88,32.88,32.75,1661
32.85,32.8,32.88,32.79,1683
32.84,32.86,32.86,32.77,1763
32.95,32.94,32.95,32.92,680
32.93,32.86,32.93,32.84,792
32.89,32.89,32.89,32.89,416
32.86,32.91,32.91,32.83,907
32.89,32.84,32.9,32.82,1524
32.82,32.86,32.86,32.82,725
32.87,32.93,32.95,32.87,1213
32.935,32.98,32.98,32.91,1205
32.97,33.04,33.04,32.97,1203
33.065,33.11,33.11,33.04,1059
33.09,33.23,33.23,33.04,1443
33.205,33.28,33.28,33.205,690
33.3,33.3,33.31,33.27,1383
33.31,33.295,33.31,33.27,1376
33.36,33.45,33.45,33.335,1585
33.475,33.47,33.48,33.47,859
33.48,33.37,33.48,33.37,964
33.39,33.39,33.39,33.39,725
33.34,33.34,33.34,33.34,200
33.355,33.37,33.37,33.355,216
33.38,33.38,33.38,33.38,300
33.25,33.29,33.29,33.25,341
33.32,33.29,33.32,33.27,416
33.27,33.31,33.33,33.26,959
33.29,33.26,33.29,33.26,385
33.285,33.27,33.285,33.27,316
33.31,33.335,33.36,33.31,516
33.28,33.33,33.33,33.28,883
33.32,33.18,33.32,33.18,1018
33.17,33.215,33.22,33.165,1176
33.215,33.24,33.24,33.215,813
33.23,33.33,33.33,33.21,2739
33.35,33.355,33.39,33.325,1444
33.37,33.38,33.41,33.365,1970
33.35,33.27,33.36,33.24,4483
33.285,33.365,33.365,33.285,1832
33.38,33.395,33.43,33.37,2709
33.4,33.5,33.5,33.36,8138
33.5,33.4,33.5,33.4,7262
33.37,33.39,33.43,33.35,7657
33.38,33.25,33.41,33.24,11386
33.28,33.33,33.355,33.28,2747
33.31,33.13,33.35,33.115,3157
33.12,32.955,33.16,32.955,5009
32.97,32.92,33.045,32.88,22580
32.92,32.93,32.94,32.84,26183
34.61,35.09,35.09,34.46,2692
35.05,34.89,35.13,34.86,2146
34.72,34.98,34.98,34.72,900
34.95,34.35,34.95,34.35,4078
34.34,34.31,34.48,34.31,2557
34.27,34.3,34.35,34.25,2507
34.26,34.06,34.26,34.06,300
33.93,33.9,33.93,33.9,342
33.82,33.98,33.98,33.82,735
33.92,34.025,34.04,33.92,556
34.045,34.02,34.07,34,2183
33.89,33.89,33.89,33.89,100
33.88,33.78,33.88,33.78,650
33.7,33.72,33.76,33.67,538
33.71,33.51,33.71,33.51,815
33.545,33.62,33.67,33.515,1139
33.5,33.73,33.73,33.5,503
33.83,34.04,34.04,33.83,763
33.995,33.83,33.995,33.8,802
33.96,33.85,33.96,33.85,506
33.79,33.83,33.83,33.74,822
33.69,33.61,33.69,33.61,251
33.61,33.59,33.61,33.59,200
33.73,33.88,33.88,33.73,628
33.85,33.77,33.88,33.64,1680
33.75,33.805,33.82,33.75,981
33.87,33.87,33.87,33.78,1101
33.8,33.8,33.8,33.8,100
33.88,33.86,33.91,33.86,468
33.86,33.86,33.86,33.86,210
33.75,33.86,33.86,33.705,668
33.87,33.84,33.87,33.82,312
33.82,33.84,33.84,33.82,238
33.8,33.83,33.83,33.8,333
33.84,33.83,33.86,33.83,1347
33.79,33.835,33.835,33.74,1122
33.82,33.82,33.82,33.765,700
33.755,33.77,33.77,33.755,200
33.8,33.895,33.91,33.8,515
33.93,33.99,34.01,33.92,971
34.08,34.08,34.08,34.06,452
34.06,34.13,34.13,34,1769
34.145,34.2,34.2,34.145,615
34.2,34.21,34.21,34.14,1511
34.255,34.13,34.255,34.13,994
34.19,34.14,34.19,34.08,1430
34.17,34.15,34.19,34.12,1594
34.08,34.125,34.14,34.08,1122
34.095,34.16,34.16,34.07,991
34.16,34.16,34.16,34.16,100
34.2,34.16,34.2,34.13,1124
34.14,34.26,34.26,34.14,1010
34.28,34.33,34.33,34.28,203
34.33,34.325,34.34,34.325,530
34.35,34.38,34.41,34.35,972
34.44,34.47,34.47,34.44,500
34.42,34.42,34.445,34.42,712
34.44,34.38,34.44,34.38,543
34.33,34.395,34.395,34.33,440
34.32,34.315,34.335,34.27,2076
34.29,34.32,34.32,34.29,1034
34.29,34.305,34.33,34.29,1103
34.315,34.335,34.335,34.23,5154
34.32,34.33,34.37,34.275,3831
34.35,34.38,34.38,34.35,1120
34.35,34.41,34.41,34.35,2260
34.425,34.45,34.455,34.4,3866
34.49,34.605,34.61,34.49,2206
34.615,34.61,34.65,34.56,2432
34.58,34.61,34.64,34.58,1415
34.62,34.67,34.67,34.61,4433
34.66,34.72,34.74,34.65,7415
34.73,34.74,34.74,34.65,5632
34.74,34.825,34.83,34.71,4950
34.81,34.86,34.89,34.8,6934
34.88,35.03,35.035,34.835,30172
35.02,35.08,35.115,34.99,35457
35.08,35.01,35.14,34.82,2641
34.92,34.33,34.92,34.33,1147
34.18,34.34,34.37,34.18,735
34.395,34.38,34.41,34.29,1551
34.3,34.49,34.56,34.3,2605
34.53,34.64,34.67,34.53,2144
34.64,34.5,34.64,34.43,15979
34.48,34.38,34.515,34.325,36470
34.425,34.3,34.54,34.3,18219
34.22,34.15,34.25,34.08,902
34.05,34.07,34.13,34.05,650
34.07,34.005,34.085,34.005,300
34.025,33.84,34.025,33.84,17983
33.905,33.86,33.935,33.83,1287
33.79,33.97,33.97,33.78,1200
33.96,33.86,33.96,33.86,1118
33.79,33.83,33.83,33.725,1492
33.87,33.875,33.91,33.855,1203
33.73,33.79,33.79,33.705,2337
33.79,33.82,33.91,33.735,1974
33.81,33.92,33.92,33.81,1066
33.91,33.91,33.98,33.91,1492
33.98,33.935,34.02,33.925,2193
33.94,33.985,33.985,33.9,1322
34.04,34,34.08,34,610
33.95,34.02,34.02,33.95,977
34.07,34.025,34.11,33.97,1086
34.035,34.055,34.055,34.02,802
34.12,34.12,34.12,34.07,592
34.17,34.08,34.17,34.08,936
34.07,34.1,34.11,34.07,504
34.09,34.14,34.14,34.06,2838
34.14,34.14,34.225,34.14,2007
34.13,34.155,34.185,34.12,1442
34.23,34.23,34.23,34.23,210
34.19,34.13,34.19,34.13,400
34.14,34.13,34.14,34.065,1822
34.145,34.34,34.34,34.145,2677
34.33,34.29,34.345,34.29,1282
34.23,34.28,34.28,34.225,605
34.36,34.22,34.36,34.22,312
34.275,34.28,34.29,34.265,600
34.35,34.39,34.4,34.35,1362
34.39,34.38,34.39,34.38,478
34.35,34.33,34.35,34.28,1655
34.34,34.285,34.34,34.28,991
34.285,34.29,34.32,34.275,2029
34.32,34.4,34.4,34.32,426
34.44,34.4,34.44,34.385,509
34.4,34.4,34.4,34.4,109
34.4,34.38,34.405,34.38,917
34.42,34.38,34.42,34.36,708
34.36,34.38,34.39,34.35,1066
34.43,34.45,34.46,34.4,800
34.48,34.43,34.48,34.42,1150
34.42,34.38,34.42,34.37,346
34.355,34.42,34.42,34.355,502
34.41,34.38,34.41,34.37,702
34.42,34.38,34.42,34.37,1627
34.38,34.38,34.38,34.36,1633
34.365,34.42,34.43,34.365,711
34.44,34.43,34.46,34.43,552
34.4,34.37,34.4,34.35,2705
34.38,34.42,34.42,34.35,3290
34.4,34.42,34.42,34.4,301
34.4,34.47,34.47,34.395,6383
34.47,34.47,34.48,34.47,3198
34.47,34.4,34.48,34.395,4104
34.375,34.43,34.43,34.375,2243
34.39,34.325,34.39,34.31,1384
34.35,34.39,34.39,34.32,1254
34.38,34.36,34.38,34.34,1725
34.37,34.31,34.38,34.25,7282
34.31,34.32,34.34,34.29,5476
34.33,34.3,34.34,34.29,10863
34.255,34.23,34.28,34.2,10444
34.21,33.98,34.21,33.92,17756
33.98,34.02,34.1,33.98,16604
33.16,33.06,33.16,33.05,1080
33.36,33.35,33.51,33.35,1215
33.17,33.1,33.18,33.1,1005
33.11,33.29,33.45,33.07,2167
33.27,33.36,33.36,33.24,552
33.3,33.255,33.36,33.255,1158
33.36,33.28,33.36,33.25,301
33.24,33.22,33.32,33.19,1600
33.36,33.55,33.55,33.36,939
33.515,33.73,33.73,33.475,3246
33.81,33.78,33.875,33.74,2262
33.62,33.705,33.705,33.62,443
33.74,33.665,33.75,33.64,3845
33.64,33.71,33.76,33.63,1457
33.775,33.765,33.83,33.75,2332
33.575,33.67,33.68,33.56,2081
33.565,33.565,33.565,33.565,200
33.53,33.5,33.55,33.5,1122
33.47,33.47,33.51,33.46,791
33.51,33.55,33.56,33.51,711
33.525,33.66,33.66,33.525,1770
33.54,33.515,33.54,33.455,1364
33.505,33.5,33.51,33.44,1979
33.46,33.475,33.48,33.42,859
33.395,33.43,33.445,33.395,1160
33.405,33.53,33.54,33.405,979
33.5,33.48,33.535,33.47,599
33.43,33.37,33.43,33.325,1720
33.395,33.245,33.395,33.245,957
33.245,33.19,33.25,33.19,3668
33.205,33.21,33.25,33.205,1028
33.26,33.24,33.26,33.24,331
33.215,33.2,33.215,33.2,1305
33.2,33.19,33.2,33.19,605
33.14,33.17,33.18,33.14,630
33.17,33.24,33.24,33.17,1120
33.19,33.175,33.19,33.15,765
33.15,33.18,33.19,33.15,494
33.14,33.065,33.14,33.05,309
33.08,33.12,33.12,33.08,400
33.105,33.05,33.105,33.02,1651
33.06,33.27,33.32,33.03,2630
33.2,33.18,33.21,33.18,471
33.17,33.21,33.21,33.165,536
33.155,33.19,33.21,33.155,603
33.17,33.18,33.18,33.155,527
33.18,33.185,33.215,33.165,1060
33.19,33.175,33.19,33.175,234
33.155,33.185,33.185,33.155,612
33.13,33.085,33.14,33.085,954
33.075,33.035,33.075,33.03,984
33.035,32.985,33.035,32.985,916
32.975,32.98,32.98,32.955,600
32.99,32.99,33.02,32.96,1134
32.975,32.955,33.02,32.955,926
32.95,33.175,33.175,32.91,5233
33.23,33.14,33.265,33.14,712
33.095,33.09,33.095,33.06,963
33.08,33.075,33.095,33.075,508
33.115,33.25,33.255,33.115,1212
33.23,33.24,33.25,33.2,1284
33.235,33.195,33.26,33.195,804
33.14,33.115,33.19,33.115,1156
33.11,33.065,33.12,33.065,1643
32.97,32.97,32.975,32.88,2511
33.005,33.31,33.32,32.95,3792
33.43,33.46,33.515,33.41,2421
33.49,33.445,33.51,33.445,3143
33.455,33.4,33.57,33.4,1664
33.42,33.34,33.42,33.34,919
33.325,33.39,33.39,33.31,2213
33.375,33.355,33.41,33.32,3379
33.36,33.27,33.385,33.24,3768
33.27,33.14,33.29,33.13,2466
33.11,33.11,33.11,33.05,3165
33.1,32.93,33.13,32.93,4279
32.95,32.93,33.11,32.9,19146
32.93,32.91,32.93,32.88,27996
33.125,32.8,33.13,32.8,1260
32.83,32.85,32.87,32.82,1935
33.21,33.075,33.21,33.075,300
33.08,33.29,33.29,33.08,851
33.33,33.345,33.36,33.27,702
33.28,33.31,33.31,33.21,1035
33.32,33.26,33.47,33.26,1900
33.35,33.42,33.42,33.35,552
33.44,33.48,33.51,33.41,1425
33.535,33.565,33.565,33.52,710
33.68,33.76,33.76,33.63,574
33.77,33.74,33.82,33.72,968
33.78,33.77,33.815,33.77,445
33.765,33.84,33.87,33.765,500
33.84,33.88,33.88,33.84,400
33.855,33.83,33.91,33.83,700
33.85,33.73,33.85,33.68,894
33.75,33.725,33.75,33.7,545
33.695,33.54,33.695,33.54,865
33.53,33.57,33.61,33.53,1147
33.575,33.67,33.67,33.565,400
33.71,33.78,33.78,33.71,400
33.8,33.74,33.84,33.74,321
33.71,33.71,33.72,33.67,557
33.66,33.62,33.67,33.62,791
33.64,33.74,33.74,33.635,628
33.755,33.715,33.755,33.715,318
33.67,33.72,33.72,33.67,250
33.79,33.735,33.79,33.735,1262
33.71,33.72,33.72,33.7,451
33.67,33.61,33.67,33.61,697
33.63,33.71,33.71,33.63,809
33.7,33.66,33.7,33.66,306
33.655,33.62,33.655,33.62,201
33.62,33.61,33.62,33.6,585
33.62,33.56,33.62,33.56,401
33.66,33.65,33.665,33.65,501
33.6,33.58,33.6,33.58,200
33.6,33.6,33.6,33.6,100
33.53,33.53,33.53,33.53,150
33.46,33.52,33.52,33.46,388
33.5,33.57,33.57,33.5,721
33.56,33.59,33.59,33.56,982
33.58,33.68,33.68,33.58,700
33.69,33.73,33.73,33.69,419
33.73,33.73,33.73,33.73,200
33.73,33.73,33.73,33.71,365
33.7,33.74,33.74,33.7,437
33.71,33.76,33.8,33.71,508
33.735,33.76,33.76,33.735,300
33.765,33.74,33.8,33.74,890
33.71,33.705,33.71,33.68,507
33.64,33.64,33.64,33.64,232
33.66,33.64,33.66,33.64,281
33.53,33.52,33.53,33.52,393
33.57,33.56,33.57,33.56,433
33.55,33.49,33.55,33.49,311
33.42,33.34,33.43,33.34,2283
33.31,33.37,33.38,33.31,574
33.35,33.39,33.39,33.34,807
33.4,33.45,33.47,33.4,549
33.46,33.5,33.51,33.46,788
33.53,33.52,33.53,33.52,386
33.525,33.55,33.55,33.525,769
33.53,33.48,33.53,33.465,600
33.41,33.41,33.46,33.41,408
33.45,33.425,33.45,33.425,287
33.46,33.46,33.46,33.445,529
33.46,33.475,33.49,33.46,626
33.47,33.55,33.55,33.46,992
33.56,33.47,33.565,33.47,789
33.45,33.47,33.49,33.44,1147
33.46,33.44,33.48,33.44,1959
33.45,33.54,33.55,33.44,4789
33.51,33.41,33.51,33.39,11808
34.07,34.15,34.15,34.04,1582
34.2,33.97,34.2,33.97,1228
33.92,34.15,34.19,33.92,1231
34.17,34.195,34.195,34.11,1100
34.25,34.095,34.25,34.095,1436
34.165,34.28,34.3,34.165,1235
34.31,34.25,34.335,34.185,1728
34.26,34.195,34.27,34.19,1626
34.19,34.095,34.19,34.095,300
34.09,34.06,34.14,34.05,1951
34.14,34.16,34.16,34.11,608
34.155,34.205,34.21,34.155,901
34.24,34.09,34.24,34.085,1137
34.125,34.08,34.125,34.065,700
34.09,34.06,34.09,34.06,1293
34.04,33.93,34.045,33.93,400
33.84,33.9,33.9,33.84,363
33.89,33.915,33.96,33.88,600
33.935,33.88,33.98,33.85,1000
33.89,33.755,33.9,33.74,820
33.76,33.89,33.89,33.76,1783
33.855,33.89,33.935,33.855,1000
33.865,33.865,33.87,33.82,527
33.91,33.875,33.91,33.845,1082
33.86,33.765,33.875,33.765,1311
33.79,33.91,33.91,33.79,1082
33.88,33.86,33.88,33.86,495
33.83,33.885,33.915,33.765,1048
33.87,33.94,33.94,33.87,442
33.92,33.925,33.925,33.92,350
33.83,33.84,33.85,33.83,475
33.845,33.86,33.895,33.845,700
33.89,33.91,33.91,33.89,300
33.905,33.925,33.925,33.905,200
33.87,33.88,33.88,33.845,778
33.93,33.965,33.965,33.93,510
33.94,33.95,33.95,33.92,407
33.945,33.915,33.945,33.915,1123
33.89,33.935,33.935,33.89,650
33.95,33.975,34.04,33.95,583
34,33.965,34,33.96,747
33.965,33.95,33.965,33.95,200
33.92,33.955,33.955,33.92,464
33.98,34.03,34.05,33.98,1462
34,34.01,34.01,34,372
33.995,33.99,34.01,33.99,724
33.965,33.895,33.965,33.895,303
33.93,33.905,33.93,33.865,762
33.86,33.825,33.86,33.825,200
33.845,33.79,33.845,33.79,409
33.78,33.81,33.815,33.78,300
33.79,33.685,33.79,33.65,903
33.635,33.54,33.635,33.54,950
33.6,33.595,33.6,33.595,200
33.6,33.6,33.6,33.6,270
33.58,33.51,33.58,33.5,971
33.53,33.53,33.53,33.51,505
33.48,33.49,33.49,33.475,1024
33.535,33.46,33.535,33.46,478
33.36,33.37,33.37,33.32,400
33.36,33.235,33.36,33.235,822
33.265,33.33,33.33,33.265,418
33.32,33.35,33.35,33.32,674
33.33,33.34,33.34,33.33,300
33.415,33.415,33.415,33.41,809
33.435,33.45,33.48,33.42,958
33.39,33.37,33.43,33.37,811
33.32,33.33,33.345,33.29,857
33.37,33.34,33.37,33.34,524
33.35,33.28,33.35,33.28,906
33.31,33.21,33.31,33.21,600
33.18,33.225,33.225,33.16,611
33.24,33.22,33.27,33.22,5418
33.215,33.265,33.285,33.185,1945
33.265,33.265,33.29,33.23,2119
33.27,33.32,33.32,33.23,2990
33.38,33.43,33.43,33.29,7480
33.435,33.43,33.45,33.37,14007
34.18,34.74,34.955,34.11,6184
34.785,34.65,34.785,34.64,9494
34.795,34.725,34.84,34.58,5056
34.7,34.745,34.805,34.7,2600
34.76,34.85,34.915,34.76,3692
34.86,34.945,34.955,34.86,10150
34.955,34.995,35.01,34.885,9662
34.95,34.84,34.95,34.83,2442
34.81,34.895,34.97,34.765,3174
34.89,34.91,34.925,34.875,1706
35.14,35.16,35.16,35.14,600
35.19,35.18,35.19,35.14,1936
35.2,35.12,35.2,35.1,1676
35.135,35.105,35.14,35.03,4556
35.14,35.2,35.21,35.12,3790
35.21,35.2,35.26,35.19,1522
35.17,35.14,35.215,35.1,2000
35.16,35.15,35.165,35.14,1266
35.17,35.31,35.32,35.16,2470
35.34,35.34,35.36,35.34,1084
35.3,35.3,35.3,35.3,324
35.29,35.29,35.33,35.29,1004
35.24,35.31,35.31,35.22,1362
35.36,35.33,35.38,35.33,2084
35.41,35.53,35.53,35.41,3004
35.53,35.5,35.58,35.495,1452
35.56,35.49,35.61,35.49,2180
35.52,35.51,35.57,35.48,1748
35.5,35.38,35.5,35.38,1814
35.41,35.51,35.51,35.41,1258
35.61,35.61,35.61,35.61,200
35.55,35.55,35.55,35.55,200
35.72,35.63,35.72,35.62,1310
35.62,35.51,35.62,35.51,1350
35.48,35.465,35.48,35.39,1230
35.51,35.51,35.51,35.51,200
35.54,35.63,35.63,35.54,1628
35.46,35.46,35.46,35.46,200
35.515,35.54,35.54,35.515,1146
35.51,35.46,35.51,35.46,1002
35.46,35.495,35.51,35.46,1052
35.58,35.56,35.58,35.56,850
35.56,35.54,35.59,35.53,2600
35.52,35.505,35.52,35.48,1184
35.54,35.505,35.54,35.505,1722
35.55,35.565,35.6,35.55,2842
35.53,35.51,35.56,35.5,1648
35.51,35.49,35.52,35.48,2304
35.42,35.44,35.44,35.42,820
35.435,35.37,35.435,35.37,1644
35.335,35.34,35.365,35.305,1900
35.32,35.39,35.41,35.32,1614
35.38,35.375,35.38,35.375,406
35.35,35.37,35.37,35.35,1148
35.43,35.47,35.49,35.43,1340
35.44,35.44,35.44,35.44,244
35.415,35.43,35.445,35.4,2034
35.44,35.47,35.48,35.44,1194
35.44,35.47,35.48,35.435,2886
35.47,35.53,35.53,35.47,3100
35.5,35.45,35.5,35.42,2588
35.49,35.48,35.49,35.46,2310
35.51,35.51,35.51,35.505,1312
35.48,35.47,35.52,35.47,1830
35.46,35.44,35.46,35.43,2248
35.44,35.48,35.5,35.42,3268
35.42,35.51,35.52,35.42,3176
35.49,35.5,35.52,35.49,1272
35.49,35.47,35.49,35.41,2214
35.48,35.45,35.48,35.44,2202
35.47,35.53,35.53,35.46,992
35.55,35.53,35.55,35.53,908
35.54,35.49,35.54,35.49,4690
35.5,35.56,35.58,35.5,4258
35.54,35.58,35.6,35.54,4990
35.545,35.49,35.545,35.49,7122
35.51,35.575,35.6,35.51,14110
35.53,35.49,35.53,35.43,31578
35.49,35.28,35.55,35.28,1267
35.38,35.17,35.39,35.16,1404
35.09,35.09,35.09,35.03,382
35.06,35.12,35.12,35.02,339
35.24,35.4,35.4,35.21,2406
35.42,35.55,35.55,35.42,1832
35.61,35.84,35.84,35.61,3192
35.88,35.94,35.94,35.88,550
35.86,36.045,36.06,35.86,2016
36.035,36.15,36.15,36.02,1050
36.26,36.18,36.26,36.08,1581
36.2,36.22,36.285,36.2,1302
36.315,36.315,36.32,36.27,667
36.33,36.225,36.33,36.225,2600
36.21,36.465,36.465,36.21,3035
36.47,36.61,36.61,36.38,2301
36.615,36.585,36.64,36.57,1414
36.595,36.61,36.64,36.57,1075
36.54,36.56,36.56,36.47,902
36.52,36.33,36.57,36.33,726
36.255,36.215,36.29,36.215,1640
36.14,36.08,36.15,36.08,999
36.14,36.3,36.3,36.14,803
36.175,36.3,36.31,36.175,2085
36.29,36.28,36.36,36.245,1593
36.28,36.34,36.36,36.28,1745
36.33,36.34,36.36,36.24,2039
36.33,36.31,36.33,36.275,1031
36.26,36.36,36.36,36.26,1767
36.39,36.35,36.39,36.35,516
36.385,36.37,36.385,36.34,1195
36.36,36.5,36.5,36.36,1749
36.51,36.5,36.51,36.49,511
36.405,36.405,36.405,36.405,106
36.31,36.375,36.375,36.31,419
36.32,36.305,36.32,36.305,607
36.32,36.14,36.32,36.11,1048
36.17,36.2,36.2,36.17,257
36.19,36.16,36.19,36.155,877
36.15,36.06,36.15,36.06,815
36.05,35.98,36.05,35.98,701
35.98,36.05,36.07,35.965,922
36.04,36.06,36.07,36.04,600
36.09,36.12,36.12,36.07,701
36.09,36.135,36.135,36.09,337
36.15,36.15,36.15,36.15,100
36.155,36.195,36.195,36.155,210
36.205,36.19,36.255,36.19,572
36.215,36.215,36.215,36.215,209
36.205,36.295,36.295,36.205,710
36.33,36.355,36.355,36.33,508
36.39,36.38,36.395,36.38,838
36.375,36.46,36.465,36.375,1246
36.44,36.48,36.5,36.44,708
36.505,36.51,36.51,36.45,625
36.435,36.405,36.455,36.405,524
36.475,36.51,36.51,36.475,798
36.55,36.555,36.56,36.55,527
36.595,36.59,36.595,36.59,200
36.64,36.73,36.73,36.64,674
36.63,36.67,36.67,36.62,700
36.675,36.79,36.79,36.67,1115
36.78,36.8,36.8,36.73,770
36.76,36.86,36.86,36.76,632
36.865,36.91,36.92,36.865,570
36.89,36.69,36.89,36.68,1220
36.66,36.74,36.74,36.66,931
36.7,36.75,36.75,36.675,1107
36.725,36.61,36.745,36.61,1553
36.62,36.7,36.72,36.575,2379
36.68,36.69,36.75,36.67,1665
36.7,36.735,36.755,36.7,1329
36.85,36.92,36.97,36.85,2102
36.95,36.87,36.95,36.86,3595
36.84,36.91,36.95,36.84,4322
36.915,36.91,36.98,36.86,8101
36.96,37.07,37.1,36.91,16783
37.08,37.2,37.22,37.07,27077
40.79,40.05,40.97,40.05,5213
40,39.95,40.08,39.27,3923
39.88,39.67,40,39.67,5175
39.57,39.05,39.57,39.01,1745
39.05,39.14,39.14,38.985,981
39.18,38.89,39.27,38.89,1296
38.89,39.18,39.18,38.88,801
39.14,39.355,39.37,39.14,1105
39.25,39.48,39.48,39.25,877
39.36,39.3,39.36,39.3,200
39.02,38.92,39.05,38.82,900
39.015,38.89,39.015,38.89,1394
38.85,38.76,38.85,38.71,3363
38.8,39.21,39.21,38.8,800
39.2,39.235,39.235,39.13,2052
39.44,39.37,39.44,39.37,744
39.42,39.3,39.42,39.27,1055
39.325,39.61,39.61,39.325,2356
39.565,39.465,39.59,39.465,1003
39.47,39.585,39.585,39.47,700
39.63,39.595,39.63,39.57,659
39.56,39.48,39.62,39.45,1166
39.48,39.6,39.64,39.48,1720
39.73,39.64,39.75,39.62,1405
39.64,39.42,39.66,39.42,2217
39.28,39.34,39.34,39.28,1405
39.28,39.25,39.33,39.22,1546
39.27,39.24,39.27,39.2,2418
39.185,39.15,39.215,39.11,16619
39.22,39.03,39.29,39,1732
39.06,39.08,39.11,39.06,426
39.13,38.95,39.13,38.95,1102
38.885,38.77,38.885,38.76,1953
38.79,38.74,38.81,38.74,1210
38.74,38.77,38.79,38.74,1355
38.79,38.76,38.85,38.76,1897
38.79,38.91,38.91,38.79,1079
38.925,38.925,38.96,38.92,1118
38.87,38.85,38.9,38.85,756
38.77,38.825,38.825,38.77,694
38.81,38.73,38.81,38.69,1097
38.755,38.88,38.88,38.755,400
38.89,38.82,38.92,38.82,1165
38.76,38.815,38.825,38.76,625
38.8,38.785,38.8,38.76,300
38.67,38.73,38.745,38.635,852
38.76,38.865,38.865,38.76,661
38.875,38.92,38.92,38.875,334
38.96,38.96,38.98,38.96,512
38.84,38.89,38.89,38.84,301
38.96,39.02,39.06,38.96,600
39.04,38.99,39.04,38.99,311
39,38.875,39,38.85,1207
38.87,38.98,38.98,38.835,1755
38.96,38.97,39,38.89,685
38.99,38.87,38.99,38.87,517
38.84,38.85,38.85,38.82,693
38.8,38.78,38.8,38.77,901
38.76,38.75,38.76,38.73,810
38.81,38.73,38.84,38.73,462
38.68,38.73,38.73,38.62,2505
38.77,38.74,38.8,38.71,880
38.67,38.58,38.69,38.58,819
38.53,38.53,38.58,38.52,566
38.46,38.44,38.49,38.42,408
38.47,38.48,38.51,38.46,1720
38.46,38.36,38.46,38.36,920
38.37,38.4,38.4,38.35,1118
38.35,38.48,38.48,38.34,724
38.51,38.45,38.555,38.43,1340
38.44,38.52,38.52,38.44,1052
38.47,38.35,38.47,38.34,2220
38.365,38.48,38.52,38.365,1567
38.52,38.59,38.59,38.52,1879
38.55,38.545,38.55,38.48,3072
38.58,38.62,38.68,38.51,6703
38.64,38.66,38.68,38.57,21921
39.9,40.34,40.34,39.9,1652
40.05,40.31,40.31,39.92,2858
40.315,40.49,40.49,40.315,2522
40.64,40.37,40.64,40.29,2248
40.38,40.57,40.57,40.38,2894
40.615,40.675,40.69,40.57,8236
40.67,40.56,40.67,40.47,6668
40.54,40.38,40.58,40.36,8086
40.37,40.46,40.46,40.28,5944
40.435,40.28,40.435,40.28,2408
40.19,40.07,40.21,40.07,4374
40.045,39.69,40.045,39.69,5880
39.59,39.48,39.6,39.43,6914
39.46,39.42,39.46,39.35,5128
39.46,39.81,39.81,39.46,5308
39.82,40.02,40.02,39.82,4102
39.97,40.1,40.13,39.96,3812
40.12,40.1,40.15,40.02,3646
40.055,40.14,40.15,40.055,3800
40.11,40.145,40.18,40.11,1200
40.11,40.32,40.32,40.11,1854
40.29,40.405,40.405,40.29,2204
40.37,40.14,40.37,40.14,1300
40.14,40.15,40.21,40.125,1842
40.13,40.16,40.17,40.11,2200
40.16,40.13,40.16,40.1,3492
40.16,40.16,40.18,40.08,3330
40.09,40.18,40.18,40.06,3338
40.23,40.265,40.275,40.22,3272
40.27,40.26,40.31,40.26,1800
40.27,40.23,40.27,40.23,1974
40.25,40.22,40.25,40.21,1200
40.35,40.39,40.39,40.35,900
40.33,40.3,40.36,40.3,1910
40.3,40.31,40.36,40.3,2244
40.325,40.235,40.325,40.235,2566
40.2,40.265,40.265,40.2,3124
40.29,40.29,40.3,40.28,1384
40.295,40.145,40.32,40.145,4128
40.165,40.235,40.235,40.165,2244
40.15,40.165,40.165,40.15,750
40.07,40,40.07,40,1064
39.99,40.08,40.08,39.99,1402
40.09,40.045,40.09,40.03,1956
40.04,40.05,40.06,40.04,2056
40.1,40,40.1,40,1610
39.95,40.07,40.07,39.95,1950
40.07,40.08,40.1,40.07,1012
40.02,40.04,40.04,40.02,950
40.06,40.155,40.155,40.06,1528
40.13,40.09,40.135,40.08,1406
40.13,40.1,40.13,40.08,1010
40.12,40.12,40.12,40.12,400
40.13,40.11,40.13,40.07,1610
40.1,40.1,40.1,40.05,1218
40.1,40.06,40.1,40.03,800
40.04,40.125,40.125,40.04,1480
40.14,40.19,40.19,40.14,802
40.14,40.12,40.165,40.12,2714
40.15,40.18,40.18,40.13,1818
40.065,40.075,40.075,40.03,2200
40.08,40.13,40.13,40.08,814
40.15,40.19,40.19,40.15,2010
40.17,40.22,40.24,40.17,2550
40.22,40.18,40.22,40.18,1230
40.15,40.13,40.15,40.09,1978
40.1,40.15,40.18,40.1,3158
40.15,40.11,40.18,40.11,2122
40.125,40.2,40.2,40.1,3190
40.21,40.23,40.23,40.16,2582
40.21,40.32,40.32,40.21,4358
40.29,40.255,40.29,40.22,4898
40.3,40.42,40.43,40.29,9278
40.42,40.48,40.48,40.42,7018
40.49,40.44,40.505,40.43,4840
40.425,40.46,40.48,40.39,9042
40.49,40.525,40.54,40.47,13952
40.54,40.58,40.58,40.44,45654
39.19,38.97,39.19,38.55,2928
39.22,39.17,39.32,39.085,4686
39.16,39.17,39.19,39.05,3378
39.1,39.29,39.33,39.1,2380
39.275,38.9,39.275,38.9,1800
38.805,38.815,38.815,38.76,1758
38.86,38.69,38.89,38.69,2542
38.64,38.64,38.66,38.64,1798
38.55,38.61,38.61,38.49,2250
38.62,38.67,38.72,38.62,2316
38.63,38.71,38.75,38.6,2554
38.725,38.81,38.83,38.69,2332
38.72,38.44,38.755,38.44,7952
38.47,38.615,38.615,38.39,4950
38.57,38.515,38.57,38.49,3412
38.41,38.64,38.64,38.38,2334
38.745,38.77,38.78,38.68,3588
38.8,38.58,38.8,38.58,1844
38.505,38.66,38.66,38.505,2052
38.69,38.8,38.8,38.69,1018
38.78,38.715,38.82,38.715,1596
38.66,38.65,38.67,38.65,1110
38.75,38.7,38.87,38.7,1740
38.68,38.585,38.71,38.58,1764
38.59,38.59,38.59,38.59,606
38.56,38.51,38.56,38.51,1008
38.43,38.56,38.56,38.43,1372
38.6,38.55,38.6,38.51,900
38.45,38.48,38.48,38.45,610
38.51,38.51,38.51,38.51,522
38.48,38.48,38.49,38.46,1136
38.4,38.48,38.48,38.4,2320
38.465,38.62,38.65,38.465,2878
38.58,38.65,38.73,38.58,3304
38.67,38.67,38.7,38.67,812
38.67,38.64,38.67,38.64,566
38.69,38.77,38.78,38.69,2380
38.75,38.76,38.78,38.74,1600
38.75,38.75,38.77,38.75,664
38.71,38.64,38.71,38.64,910
38.61,38.6,38.61,38.6,534
38.68,38.79,38.79,38.68,1704
38.82,38.82,38.82,38.82,400
38.775,38.82,38.82,38.775,1780
38.86,38.92,38.92,38.86,614
38.92,38.92,38.92,38.92,250
38.92,39.07,39.07,38.92,1230
39.17,39.2,39.2,39.17,1186
39.25,39.23,39.25,39.23,400
39.26,39.11,39.26,39.09,3626
39.15,39.22,39.23,39.15,2562
39.315,39.245,39.315,39.24,4844
39.24,39.15,39.245,39.15,1816
39.16,39.16,39.16,39.16,400
39.21,39.175,39.22,39.09,3268
39.16,39.08,39.17,39.08,2308
39.11,39.15,39.15,39.11,1286
39.12,39.06,39.12,39.06,1616
39.05,39.09,39.105,39.04,2264
39.08,39.115,39.15,39.08,1578
39.045,39.14,39.14,39.045,2122
39.1,39.15,39.15,39.07,3328
39.22,39.21,39.22,39.2,1998
39.23,39.28,39.28,39.23,4722
39.3,39.3,39.3,39.3,922
39.245,39.25,39.25,39.16,4114
39.28,39.23,39.28,39.2,2106
39.21,39.22,39.23,39.19,4008
39.21,39.3,39.3,39.18,7922
39.29,39.37,39.37,39.27,3094
39.36,39.44,39.44,39.36,3284
39.42,39.53,39.55,39.42,2800
39.59,39.39,39.595,39.39,7702
39.385,39.425,39.46,39.385,6098
39.42,39.445,39.51,39.42,8956
39.46,39.33,39.465,39.31,10886
39.31,39.3,39.32,39.21,18614
39.33,39.3,39.36,39.26,42804
38.79,38.5,38.79,38.5,300
38.415,38.52,38.52,38.415,314
38.42,38.33,38.42,38.33,425
38.42,38.26,38.42,38.26,519
38.14,37.79,38.17,37.79,1085
37.78,37.94,37.94,37.635,1112
37.93,37.85,37.93,37.825,308
37.73,37.62,37.77,37.62,3700
37.6,37.3,37.6,37.27,2525
37.5,37.38,37.5,37.31,1394
37.33,37.39,37.42,37.32,846
37.405,37.48,37.55,37.405,1108
37.49,37.63,37.63,37.39,1410
37.68,37.76,37.78,37.68,661
37.79,37.68,37.79,37.67,2308
37.6,37.5,37.6,37.49,1355
37.51,37.41,37.51,37.41,762
37.44,37.61,37.61,37.435,983
37.62,37.62,37.625,37.62,400
37.725,37.745,37.84,37.725,500
37.66,37.585,37.66,37.505,606
37.62,37.69,37.69,37.605,400
37.72,37.715,37.77,37.7,1342
37.74,37.765,37.765,37.715,407
37.725,37.755,37.765,37.675,1419
37.735,37.85,37.85,37.675,900
37.93,37.97,37.97,37.93,300
38.025,37.985,38.025,37.96,325
38.11,38.24,38.24,38.11,621
38.305,38.31,38.31,38.24,842
38.3,38.465,38.47,38.3,1184
38.41,38.22,38.41,38.22,1619
38.27,38.225,38.27,38.22,500
38.08,38.17,38.17,38.08,1200
38.17,38.235,38.235,38.17,300
38.16,38.05,38.16,38.01,900
37.88,37.875,37.88,37.85,322
37.86,37.83,37.865,37.79,711
37.83,37.94,37.95,37.83,596
37.915,37.84,37.915,37.83,548
37.79,37.79,37.79,37.79,102
37.84,37.81,37.85,37.81,613
37.81,37.765,37.815,37.765,466
37.8,37.84,37.865,37.8,824
37.89,37.925,37.925,37.89,703
37.955,37.895,37.955,37.85,934
37.89,37.89,37.89,37.835,714
37.88,37.89,37.89,37.815,1908
37.9,37.89,37.93,37.89,492
37.86,37.845,37.86,37.81,423
37.815,37.87,37.87,37.815,837
37.935,37.94,37.955,37.935,300
37.93,37.99,37.99,37.93,999
37.98,37.94,37.98,37.92,943
38,38.36,38.36,37.84,3977
38.46,38.225,38.46,38.22,1016
