Open, Close, High, Low, Volume
2020-09-02 14:20:00-04:00,32.205,32.22,32.22,32.205,671
2020-09-02 14:25:00-04:00,32.21,32.255,32.255,32.21,507
2020-09-02 14:30:00-04:00,32.265,32.28,32.28,32.26,591
2020-09-02 14:35:00-04:00,32.23,32.22,32.23,32.21,1205
2020-09-02 14:40:00-04:00,32.22,32.21,32.22,32.2,2468
2020-09-02 14:45:00-04:00,32.19,32.24,32.25,32.19,783
2020-09-02 14:50:00-04:00,32.26,32.32,32.325,32.26,1110
2020-09-02 14:55:00-04:00,32.31,32.34,32.34,32.31,1493
2020-09-02 15:00:00-04:00,32.32,32.34,32.345,32.315,2087
2020-09-02 15:05:00-04:00,32.315,32.35,32.35,32.3,4417
2020-09-02 15:10:00-04:00,32.35,32.33,32.35,32.225,3846
2020-09-02 15:15:00-04:00,32.34,32.34,32.35,32.33,2118
2020-09-02 15:20:00-04:00,32.345,32.385,32.395,32.34,1335
2020-09-02 15:25:00-04:00,32.4,32.43,32.43,32.4,1588
2020-09-02 15:30:00-04:00,32.425,32.46,32.48,32.425,4207
2020-09-02 15:35:00-04:00,32.46,32.51,32.51,32.44,2081
2020-09-02 15:40:00-04:00,32.51,32.51,32.53,32.49,2085
2020-09-02 15:45:00-04:00,32.48,32.555,32.555,32.46,2327
2020-09-02 15:50:00-04:00,32.6,32.58,32.6,32.5,7076
2020-09-02 15:55:00-04:00,32.57,32.4,32.58,32.4,12426
2020-09-03 09:30:00-04:00,32.75,33.1,33.1,32.75,341
2020-09-03 09:45:00-04:00,33.72,33.86,33.86,33.72,375
2020-09-03 09:50:00-04:00,33.89,33.65,33.89,33.65,367
2020-09-03 10:00:00-04:00,33.695,33.575,33.695,33.575,553
2020-09-03 10:05:00-04:00,33.405,33.285,33.405,33.285,695
2020-09-03 10:10:00-04:00,33.41,33.41,33.41,33.41,276
2020-09-03 10:20:00-04:00,33.44,33.47,33.47,33.44,598
2020-09-03 10:25:00-04:00,33.35,33.34,33.35,33.34,300
2020-09-03 10:30:00-04:00,33.25,33.39,33.42,33.25,704
2020-09-03 10:35:00-04:00,33.37,33.28,33.37,33.28,751
2020-09-03 10:40:00-04:00,33.47,33.47,33.47,33.47,100
2020-09-03 10:45:00-04:00,33.45,33.375,33.47,33.375,1032
2020-09-03 10:50:00-04:00,33.39,33.32,33.39,33.31,800
2020-09-03 10:55:00-04:00,33.32,33.35,33.35,33.31,401
2020-09-03 11:00:00-04:00,33.31,33.31,33.31,33.31,458
2020-09-03 11:05:00-04:00,33.16,33.02,33.19,32.94,1298
2020-09-03 11:10:00-04:00,32.96,33.035,33.035,32.96,300
2020-09-03 11:15:00-04:00,33.01,32.72,33.01,32.72,505
2020-09-03 11:20:00-04:00,32.64,32.685,32.69,32.61,1469
2020-09-03 11:25:00-04:00,32.62,32.64,32.7,32.6,1487
2020-09-03 11:30:00-04:00,32.6,32.715,32.76,32.6,1088
2020-09-03 11:35:00-04:00,32.74,32.91,32.91,32.68,877
2020-09-03 11:40:00-04:00,32.95,32.88,32.95,32.88,430
2020-09-03 11:45:00-04:00,32.9,32.9,32.9,32.88,600
2020-09-03 11:50:00-04:00,32.85,32.85,32.85,32.84,300
2020-09-03 11:55:00-04:00,32.885,32.84,32.885,32.84,311
2020-09-03 12:00:00-04:00,32.865,32.895,32.895,32.83,301
2020-09-03 12:05:00-04:00,32.9,32.9,32.9,32.9,100
2020-09-03 12:15:00-04:00,32.9,32.9,32.9,32.875,535
2020-09-03 12:20:00-04:00,32.93,32.91,32.93,32.91,324
2020-09-03 12:25:00-04:00,32.92,32.94,32.94,32.9,502
2020-09-03 12:30:00-04:00,32.895,32.89,32.93,32.86,2019
2020-09-03 12:35:00-04:00,32.86,32.9,32.94,32.84,1786
2020-09-03 12:40:00-04:00,32.86,32.84,32.86,32.84,393
2020-09-03 12:50:00-04:00,32.8,32.74,32.8,32.715,1653
2020-09-03 12:55:00-04:00,32.73,32.8,32.83,32.73,1139
2020-09-03 13:00:00-04:00,32.76,32.725,32.76,32.72,604
2020-09-03 13:05:00-04:00,32.71,32.77,32.77,32.71,705
2020-09-03 13:10:00-04:00,32.805,32.815,32.845,32.805,1342
2020-09-03 13:15:00-04:00,32.845,32.75,32.86,32.75,527
2020-09-03 13:20:00-04:00,32.7,32.77,32.77,32.7,2742
2020-09-03 13:25:00-04:00,32.725,32.745,32.745,32.655,1894
2020-09-03 13:30:00-04:00,32.705,32.615,32.705,32.57,2501
2020-09-03 13:35:00-04:00,32.635,32.64,32.675,32.635,701
2020-09-03 13:40:00-04:00,32.64,32.68,32.72,32.64,500
2020-09-03 13:45:00-04:00,32.71,32.69,32.71,32.69,637
2020-09-03 13:50:00-04:00,32.74,32.76,32.76,32.71,301
2020-09-03 13:55:00-04:00,32.78,32.76,32.8,32.76,1008
2020-09-03 14:00:00-04:00,32.72,32.725,32.75,32.72,600
2020-09-03 14:05:00-04:00,32.75,32.72,32.8,32.72,449
2020-09-03 14:10:00-04:00,32.77,32.755,32.815,32.755,1276
2020-09-03 14:15:00-04:00,32.79,32.775,32.79,32.76,1931
2020-09-03 14:20:00-04:00,32.78,32.755,32.8,32.755,1171
2020-09-03 14:25:00-04:00,32.83,32.82,32.83,32.82,458
2020-09-03 14:30:00-04:00,32.875,32.86,32.875,32.86,216
2020-09-03 14:35:00-04:00,32.91,32.91,32.91,32.91,155
2020-09-03 14:40:00-04:00,32.82,32.79,32.835,32.79,729
2020-09-03 14:45:00-04:00,32.78,32.78,32.78,32.78,154
2020-09-03 14:50:00-04:00,32.785,32.76,32.79,32.76,531
2020-09-03 14:55:00-04:00,32.72,32.7,32.72,32.69,482
2020-09-03 15:00:00-04:00,32.68,32.68,32.68,32.68,100
2020-09-03 15:05:00-04:00,32.7,32.73,32.75,32.7,462
2020-09-03 15:10:00-04:00,32.7,32.7,32.7,32.7,153
2020-09-03 15:15:00-04:00,32.71,32.68,32.71,32.68,368
2020-09-03 15:20:00-04:00,32.63,32.59,32.63,32.59,452
2020-09-03 15:25:00-04:00,32.51,32.6,32.62,32.51,1787
2020-09-03 15:30:00-04:00,32.62,32.45,32.635,32.45,4923
2020-09-03 15:35:00-04:00,32.58,32.46,32.59,32.45,31345
2020-09-03 15:40:00-04:00,32.45,32.47,32.49,32.45,1203
2020-09-03 15:45:00-04:00,32.48,32.39,32.49,32.39,2494
2020-09-03 15:50:00-04:00,32.36,32.46,32.48,32.34,5926
2020-09-03 15:55:00-04:00,32.46,32.46,32.49,32.4,13828
2020-09-04 09:30:00-04:00,33.52,33.29,33.52,33.29,520
2020-09-04 09:35:00-04:00,33.25,33.11,33.25,33.11,602
2020-09-04 09:40:00-04:00,33.18,33.36,33.37,33.18,1205
2020-09-04 09:45:00-04:00,33.55,33.7,33.78,33.55,604
2020-09-04 09:50:00-04:00,33.8,33.93,33.96,33.8,2837
2020-09-04 09:55:00-04:00,33.92,33.55,33.92,33.55,1341
2020-09-04 10:00:00-04:00,33.705,33.67,33.74,33.67,721
2020-09-04 10:05:00-04:00,33.69,33.84,33.84,33.69,885
2020-09-04 10:10:00-04:00,33.77,33.67,33.79,33.65,1658
2020-09-04 10:15:00-04:00,33.68,33.66,33.69,33.62,901
2020-09-04 10:20:00-04:00,33.53,33.58,33.58,33.53,512
2020-09-04 10:25:00-04:00,33.68,33.56,33.79,33.56,1315
2020-09-04 10:30:00-04:00,33.57,33.54,33.6,33.47,1011
2020-09-04 10:35:00-04:00,33.42,33.33,33.42,33.24,1714
2020-09-04 10:40:00-04:00,33.295,33.23,33.32,33.23,2112
2020-09-04 10:45:00-04:00,33.26,33.3,33.32,33.24,1934
2020-09-04 10:50:00-04:00,33.3,33.29,33.3,33.22,1619
2020-09-04 10:55:00-04:00,33.33,33.31,33.34,33.28,1171
2020-09-04 11:00:00-04:00,33.29,33.21,33.29,33.2,1964
2020-09-04 11:05:00-04:00,33.21,33.09,33.21,33.09,1521
2020-09-04 11:10:00-04:00,33.02,33.01,33.02,32.96,1005
2020-09-04 11:15:00-04:00,33.02,33.07,33.09,33.02,1303
2020-09-04 11:20:00-04:00,33.08,32.99,33.12,32.99,1573
2020-09-04 11:25:00-04:00,33.01,33,33.02,32.99,1369
2020-09-04 11:30:00-04:00,33.08,33.04,33.1,33.04,1200
2020-09-04 11:35:00-04:00,33.05,32.96,33.05,32.96,1104
2020-09-04 11:40:00-04:00,32.92,32.83,32.92,32.81,1632
2020-09-04 11:45:00-04:00,32.87,32.84,32.87,32.83,800
2020-09-04 11:50:00-04:00,32.82,32.94,32.94,32.81,1298
2020-09-04 11:55:00-04:00,32.99,32.93,32.99,32.89,1438
2020-09-04 12:00:00-04:00,32.955,32.87,32.99,32.87,1407
2020-09-04 12:05:00-04:00,32.89,32.98,32.98,32.89,866
2020-09-04 12:10:00-04:00,33,33.045,33.065,33,1363
2020-09-04 12:15:00-04:00,33.08,32.91,33.09,32.905,3255
2020-09-04 12:20:00-04:00,32.905,33.04,33.04,32.9,1282
2020-09-04 12:25:00-04:00,33.04,33.07,33.07,33.01,1225
2020-09-04 12:30:00-04:00,33.09,33.02,33.12,33.02,1710
2020-09-04 12:35:00-04:00,33,33.06,33.06,32.98,579
2020-09-04 12:40:00-04:00,33.18,33.19,33.2,33.18,700
2020-09-04 12:45:00-04:00,33.2,33.31,33.32,33.19,1385
2020-09-04 12:50:00-04:00,33.29,33.32,33.34,33.24,2385
2020-09-04 12:55:00-04:00,33.305,33.35,33.39,33.295,1809
2020-09-04 13:00:00-04:00,33.36,33.355,33.37,33.34,1306
2020-09-04 13:05:00-04:00,33.35,33.33,33.36,33.33,1377
2020-09-04 13:10:00-04:00,33.295,33.35,33.36,33.295,715
2020-09-04 13:15:00-04:00,33.33,33.31,33.33,33.31,602
2020-09-04 13:20:00-04:00,33.29,33.305,33.305,33.285,418
2020-09-04 13:25:00-04:00,33.275,33.29,33.29,33.275,508
2020-09-04 13:30:00-04:00,33.26,33.18,33.26,33.18,1699
2020-09-04 13:35:00-04:00,33.2,33.12,33.2,33.12,1630
2020-09-04 13:40:00-04:00,33.13,33.155,33.155,33.115,331
2020-09-04 13:45:00-04:00,33.16,33.21,33.21,33.16,832
2020-09-04 13:50:00-04:00,33.195,33.29,33.29,33.195,791
2020-09-04 13:55:00-04:00,33.295,33.28,33.295,33.28,501
2020-09-04 14:00:00-04:00,33.29,33.28,33.32,33.28,1034
2020-09-04 14:05:00-04:00,33.285,33.41,33.41,33.285,900
2020-09-04 14:10:00-04:00,33.405,33.39,33.41,33.39,979
2020-09-04 14:15:00-04:00,33.41,33.47,33.475,33.41,557
2020-09-04 14:20:00-04:00,33.475,33.46,33.48,33.455,1577
2020-09-04 14:25:00-04:00,33.44,33.46,33.46,33.44,489
2020-09-04 14:30:00-04:00,33.455,33.445,33.48,33.445,800
2020-09-04 14:35:00-04:00,33.49,33.56,33.56,33.49,1310
2020-09-04 14:40:00-04:00,33.56,33.62,33.62,33.56,1401
2020-09-04 14:45:00-04:00,33.63,33.67,33.67,33.63,402
2020-09-04 14:50:00-04:00,33.675,33.64,33.675,33.64,534
2020-09-04 14:55:00-04:00,33.59,33.66,33.66,33.59,1100
2020-09-04 15:00:00-04:00,33.695,33.76,33.76,33.695,1403
2020-09-04 15:05:00-04:00,33.73,33.77,33.78,33.73,987
2020-09-04 15:10:00-04:00,33.78,33.78,33.815,33.78,1170
2020-09-04 15:15:00-04:00,33.76,33.92,33.92,33.75,1559
2020-09-04 15:20:00-04:00,33.94,33.89,33.96,33.89,1743
2020-09-04 15:25:00-04:00,33.925,33.86,33.95,33.86,1628
2020-09-04 15:30:00-04:00,33.84,33.74,33.845,33.71,2683
2020-09-04 15:35:00-04:00,33.75,33.65,33.755,33.62,4321
2020-09-04 15:40:00-04:00,33.67,33.675,33.7,33.65,2985
2020-09-04 15:45:00-04:00,33.7,33.67,33.77,33.67,4018
2020-09-04 15:50:00-04:00,33.63,33.72,33.74,33.59,4374
2020-09-04 15:55:00-04:00,33.73,33.68,33.735,33.67,15959
2020-09-08 10:40:00-04:00,32.13,32.13,32.13,32.13,115
2020-09-08 10:45:00-04:00,32.1,32.015,32.1,32.015,748
2020-09-08 10:50:00-04:00,31.99,31.98,31.99,31.95,1099
2020-09-08 10:55:00-04:00,32,32,32,32,110
2020-09-08 11:00:00-04:00,31.88,31.98,32,31.86,663
2020-09-08 11:05:00-04:00,31.94,31.85,31.94,31.85,499
2020-09-08 11:20:00-04:00,32.05,32.08,32.08,32.01,459
2020-09-08 11:25:00-04:00,32.07,32.02,32.07,32.02,708
2020-09-08 11:30:00-04:00,31.97,32.06,32.06,31.97,509
2020-09-08 11:35:00-04:00,32.08,32.09,32.14,32.08,332
2020-09-08 11:40:00-04:00,32.07,32.03,32.12,32.03,1055
2020-09-08 11:45:00-04:00,32.03,32.06,32.08,32.03,570
2020-09-08 11:50:00-04:00,32,31.98,32.03,31.98,943
2020-09-08 11:55:00-04:00,32.02,32.05,32.055,32.02,661
2020-09-08 12:00:00-04:00,32.095,32.13,32.13,32.095,432
2020-09-08 12:05:00-04:00,32.1,32.1,32.12,32.1,404
2020-09-08 12:10:00-04:00,32.17,32.215,32.215,32.17,799
2020-09-08 12:15:00-04:00,32.22,32.29,32.29,32.22,500
2020-09-08 12:20:00-04:00,32.31,32.31,32.31,32.31,122
2020-09-08 12:25:00-04:00,32.31,32.31,32.31,32.31,100
2020-09-08 12:35:00-04:00,32.3,32.29,32.3,32.29,234
2020-09-08 12:45:00-04:00,32.29,32.32,32.32,32.29,824
2020-09-08 12:55:00-04:00,32.37,32.36,32.37,32.36,372
2020-09-08 13:00:00-04:00,32.37,32.37,32.37,32.37,113
2020-09-08 13:05:00-04:00,32.47,32.47,32.47,32.47,360
2020-09-08 13:15:00-04:00,32.47,32.47,32.47,32.47,114
2020-09-08 13:20:00-04:00,32.52,32.52,32.52,32.52,150
2020-09-08 13:30:00-04:00,32.475,32.47,32.475,32.47,290
2020-09-08 13:35:00-04:00,32.48,32.495,32.52,32.48,802
2020-09-08 13:40:00-04:00,32.5,32.5,32.5,32.5,118
2020-09-08 13:45:00-04:00,32.5,32.5,32.5,32.5,220
2020-09-08 13:50:00-04:00,32.445,32.44,32.445,32.44,231
2020-09-08 13:55:00-04:00,32.43,32.43,32.43,32.43,195
2020-09-08 14:00:00-04:00,32.42,32.44,32.45,32.42,490
2020-09-08 14:05:00-04:00,32.485,32.48,32.485,32.48,217
2020-09-08 14:10:00-04:00,32.44,32.45,32.45,32.44,448
2020-09-08 14:15:00-04:00,32.37,32.37,32.37,32.37,354
2020-09-08 14:20:00-04:00,32.35,32.35,32.35,32.35,225
2020-09-08 14:25:00-04:00,32.31,32.31,32.31,32.31,200
2020-09-08 14:35:00-04:00,32.28,32.26,32.28,32.26,780
2020-09-08 14:40:00-04:00,32.29,32.27,32.3,32.27,740
2020-09-08 14:45:00-04:00,32.295,32.3,32.3,32.285,650
2020-09-08 14:50:00-04:00,32.3,32.28,32.3,32.28,496
2020-09-08 14:55:00-04:00,32.27,32.37,32.37,32.27,848
2020-09-08 15:00:00-04:00,32.325,32.3,32.325,32.3,440
2020-09-08 15:05:00-04:00,32.245,32.24,32.26,32.24,570
2020-09-08 15:10:00-04:00,32.32,32.29,32.32,32.29,690
2020-09-08 15:15:00-04:00,32.28,32.31,32.31,32.27,739
2020-09-08 15:20:00-04:00,32.37,32.36,32.37,32.36,340
2020-09-08 15:25:00-04:00,32.34,32.36,32.36,32.34,352
2020-09-08 15:30:00-04:00,32.345,32.29,32.385,32.29,1892
2020-09-08 15:35:00-04:00,32.32,32.36,32.36,32.32,572
2020-09-08 15:40:00-04:00,32.395,32.42,32.42,32.395,876
2020-09-08 15:45:00-04:00,32.435,32.38,32.435,32.33,3423
2020-09-08 15:50:00-04:00,32.38,32.29,32.38,32.25,7362
2020-09-08 15:55:00-04:00,32.28,32.22,32.3,32.2,17805
2020-09-09 09:30:00-04:00,32.35,32.45,32.45,32.35,685
2020-09-09 09:35:00-04:00,32.2,32.1,32.22,32.08,2041
2020-09-09 09:40:00-04:00,32.04,32.22,32.22,32.04,225
2020-09-09 09:45:00-04:00,32.18,32.17,32.18,32.17,210
2020-09-09 09:50:00-04:00,32.29,32.28,32.34,32.28,747
2020-09-09 09:55:00-04:00,32.195,32.21,32.21,32.195,312
2020-09-09 10:00:00-04:00,32.3,32.24,32.3,32.23,710
2020-09-09 10:05:00-04:00,32.28,32.24,32.28,32.235,681
2020-09-09 10:10:00-04:00,32.29,32.24,32.29,32.24,200
2020-09-09 10:15:00-04:00,32.28,32.29,32.3,32.24,758
2020-09-09 10:25:00-04:00,32.15,32.15,32.15,32.15,100
2020-09-09 10:30:00-04:00,31.99,31.93,32.01,31.93,1110
2020-09-09 10:35:00-04:00,31.945,31.9,31.945,31.9,655
2020-09-09 10:40:00-04:00,31.95,32.025,32.025,31.93,950
2020-09-09 10:45:00-04:00,32,31.93,32,31.905,1050
2020-09-09 10:50:00-04:00,31.92,31.93,31.93,31.9,420
2020-09-09 10:55:00-04:00,31.87,31.91,31.91,31.84,1546
2020-09-09 11:00:00-04:00,31.92,32.03,32.03,31.92,800
2020-09-09 11:05:00-04:00,32.095,32.1,32.1,32.07,300
2020-09-09 11:10:00-04:00,32.06,32,32.06,32,330
2020-09-09 11:15:00-04:00,31.99,32.055,32.09,31.99,604
2020-09-09 11:30:00-04:00,32.065,31.98,32.065,31.98,1510
2020-09-09 11:35:00-04:00,31.97,31.99,32,31.97,785
2020-09-09 11:40:00-04:00,32,32.03,32.03,32,301
2020-09-09 11:45:00-04:00,32.095,32.05,32.095,32.05,400
2020-09-09 11:50:00-04:00,32.01,32.005,32.03,32.005,814
2020-09-09 11:55:00-04:00,31.98,31.97,31.98,31.97,311
2020-09-09 12:00:00-04:00,31.935,31.915,31.935,31.915,400
2020-09-09 12:05:00-04:00,31.92,31.92,31.92,31.92,200
2020-09-09 12:10:00-04:00,31.88,31.88,31.88,31.88,200
2020-09-09 12:15:00-04:00,31.875,31.88,31.9,31.86,1192
2020-09-09 12:25:00-04:00,31.875,31.875,31.875,31.875,100
2020-09-09 12:35:00-04:00,31.92,31.915,31.92,31.915,271
2020-09-09 12:40:00-04:00,31.97,31.96,31.97,31.96,200
2020-09-09 12:45:00-04:00,31.96,31.96,31.96,31.96,100
2020-09-09 12:50:00-04:00,31.905,31.905,31.905,31.905,100
2020-09-09 13:00:00-04:00,31.95,31.96,31.96,31.95,200
2020-09-09 13:05:00-04:00,31.985,31.985,31.985,31.985,100
2020-09-09 13:10:00-04:00,32.02,32.02,32.02,32.02,231
2020-09-09 13:20:00-04:00,32.17,32.15,32.18,32.15,324
2020-09-09 13:30:00-04:00,32.22,32.26,32.28,32.22,400
2020-09-09 13:35:00-04:00,32.285,32.28,32.285,32.28,200
2020-09-09 13:45:00-04:00,32.28,32.29,32.29,32.28,314
2020-09-09 13:50:00-04:00,32.31,32.29,32.31,32.29,200
2020-09-09 13:55:00-04:00,32.29,32.27,32.29,32.27,212
2020-09-09 14:00:00-04:00,32.295,32.295,32.295,32.295,110
2020-09-09 14:05:00-04:00,32.29,32.27,32.29,32.27,304
2020-09-09 14:15:00-04:00,32.27,32.23,32.27,32.23,621
2020-09-09 14:20:00-04:00,32.21,32.19,32.21,32.19,300
2020-09-09 14:25:00-04:00,32.15,32.15,32.15,32.15,100
2020-09-09 14:30:00-04:00,32.205,32.24,32.24,32.205,200
2020-09-09 14:35:00-04:00,32.24,32.205,32.24,32.205,500
2020-09-09 14:40:00-04:00,32.24,32.24,32.24,32.24,112
2020-09-09 14:45:00-04:00,32.23,32.225,32.23,32.225,206
2020-09-09 14:50:00-04:00,32.24,32.19,32.24,32.19,394
2020-09-09 15:00:00-04:00,32.255,32.3,32.3,32.255,542
2020-09-09 15:05:00-04:00,32.29,32.27,32.29,32.27,670
2020-09-09 15:10:00-04:00,32.265,32.265,32.265,32.265,100
2020-09-09 15:15:00-04:00,32.27,32.27,32.27,32.27,106
2020-09-09 15:20:00-04:00,32.305,32.29,32.305,32.285,633
2020-09-09 15:25:00-04:00,32.28,32.275,32.28,32.27,502
2020-09-09 15:30:00-04:00,32.295,32.275,32.295,32.265,1316
2020-09-09 15:35:00-04:00,32.25,32.26,32.26,32.25,544
2020-09-09 15:40:00-04:00,32.26,32.26,32.29,32.26,470
2020-09-09 15:45:00-04:00,32.265,32.26,32.28,32.25,1547
2020-09-09 15:50:00-04:00,32.24,32.23,32.24,32.19,4258
2020-09-09 15:55:00-04:00,32.205,32.11,32.205,32.07,12526
2020-09-10 10:00:00-04:00,32.5,32.47,32.5,32.45,928
2020-09-10 10:05:00-04:00,32.51,32.275,32.55,32.275,930
2020-09-10 10:10:00-04:00,32.285,32.205,32.285,32.175,1232
2020-09-10 10:15:00-04:00,32.26,32.33,32.33,32.26,205
2020-09-10 10:20:00-04:00,32.295,32.175,32.295,32.175,620
2020-09-10 10:25:00-04:00,32.14,32.14,32.14,32.08,510
2020-09-10 10:30:00-04:00,32.115,32,32.115,32,640
2020-09-10 10:35:00-04:00,32.05,32.05,32.05,32.05,105
2020-09-10 10:40:00-04:00,32.08,32.08,32.08,32.08,110
2020-09-10 10:45:00-04:00,32.04,32.07,32.08,32.01,1100
2020-09-10 10:50:00-04:00,32.09,32.1,32.105,32.08,655
2020-09-10 10:55:00-04:00,32.035,31.96,32.04,31.96,2104
2020-09-10 11:00:00-04:00,31.99,32.02,32.02,31.99,366
2020-09-10 11:05:00-04:00,31.99,32,32.045,31.99,621
2020-09-10 11:10:00-04:00,32.02,32.1,32.1,32.015,774
2020-09-10 11:15:00-04:00,32.11,32.02,32.11,31.98,760
2020-09-10 11:20:00-04:00,32.05,32.05,32.1,32.045,1030
2020-09-10 11:25:00-04:00,32.025,32.05,32.05,32.025,210
2020-09-10 11:30:00-04:00,32.05,31.91,32.05,31.895,1828
2020-09-10 11:35:00-04:00,31.93,31.805,31.93,31.805,1150
2020-09-10 11:40:00-04:00,31.83,31.755,31.83,31.755,524
2020-09-10 11:45:00-04:00,31.725,31.785,31.785,31.685,787
2020-09-10 11:50:00-04:00,31.795,31.725,31.795,31.725,569
2020-09-10 11:55:00-04:00,31.715,31.7,31.715,31.685,415
2020-09-10 12:00:00-04:00,31.675,31.71,31.745,31.675,1008
2020-09-10 12:05:00-04:00,31.74,31.72,31.74,31.72,211
2020-09-10 12:10:00-04:00,31.685,31.685,31.685,31.685,100
2020-09-10 12:15:00-04:00,31.645,31.645,31.645,31.615,510
2020-09-10 12:20:00-04:00,31.665,31.66,31.67,31.645,615
2020-09-10 12:25:00-04:00,31.685,31.74,31.74,31.685,862
2020-09-10 12:30:00-04:00,31.8,31.82,31.82,31.79,765
2020-09-10 12:40:00-04:00,31.675,31.675,31.675,31.675,100
2020-09-10 12:45:00-04:00,31.575,31.505,31.575,31.505,493
2020-09-10 12:50:00-04:00,31.47,31.515,31.529,31.47,724
2020-09-10 12:55:00-04:00,31.525,31.455,31.525,31.455,300
2020-09-10 13:00:00-04:00,31.405,31.405,31.405,31.405,120
2020-09-10 13:05:00-04:00,31.515,31.515,31.515,31.515,124
2020-09-10 13:10:00-04:00,31.515,31.47,31.515,31.47,200
2020-09-10 13:15:00-04:00,31.485,31.5,31.5,31.485,525
2020-09-10 13:20:00-04:00,31.51,31.565,31.565,31.51,500
2020-09-10 13:25:00-04:00,31.52,31.495,31.52,31.495,330
2020-09-10 13:30:00-04:00,31.495,31.495,31.495,31.495,426
2020-09-10 13:35:00-04:00,31.495,31.495,31.495,31.495,101
2020-09-10 13:40:00-04:00,31.445,31.445,31.455,31.445,461
2020-09-10 13:50:00-04:00,31.36,31.365,31.365,31.36,310
2020-09-10 13:55:00-04:00,31.365,31.395,31.395,31.365,650
2020-09-10 14:00:00-04:00,31.42,31.46,31.46,31.42,215
2020-09-10 14:05:00-04:00,31.505,31.5,31.505,31.5,228
2020-09-10 14:15:00-04:00,31.41,31.4,31.425,31.4,586
2020-09-10 14:20:00-04:00,31.44,31.395,31.445,31.395,505
2020-09-10 14:25:00-04:00,31.39,31.29,31.395,31.29,769
2020-09-10 14:30:00-04:00,31.34,31.34,31.34,31.34,160
2020-09-10 14:40:00-04:00,31.33,31.3,31.33,31.3,395
2020-09-10 14:45:00-04:00,31.36,31.36,31.36,31.36,105
2020-09-10 14:50:00-04:00,31.41,31.41,31.41,31.41,131
2020-09-10 14:55:00-04:00,31.37,31.37,31.37,31.37,106
2020-09-10 15:00:00-04:00,31.395,31.415,31.415,31.395,256
2020-09-10 15:05:00-04:00,31.39,31.4,31.4,31.39,221
2020-09-10 15:10:00-04:00,31.335,31.335,31.335,31.335,101
2020-09-10 15:15:00-04:00,31.355,31.275,31.355,31.275,467
2020-09-10 15:20:00-04:00,31.225,31.21,31.24,31.21,620
2020-09-10 15:25:00-04:00,31.2,31.26,31.26,31.17,515
2020-09-10 15:30:00-04:00,31.27,31.265,31.27,31.26,884
2020-09-10 15:35:00-04:00,31.22,31.185,31.22,31.185,221
2020-09-10 15:40:00-04:00,31.27,31.31,31.31,31.27,605
2020-09-10 15:45:00-04:00,31.31,31.25,31.31,31.25,1702
2020-09-10 15:50:00-04:00,31.175,31.21,31.25,31.12,3341
2020-09-10 15:55:00-04:00,31.22,31.11,31.24,31.1,10272
2020-09-11 09:30:00-04:00,31.02,31,31.03,31,361
2020-09-11 09:35:00-04:00,31.03,31.03,31.03,31.03,100
2020-09-11 09:40:00-04:00,30.92,30.92,30.92,30.92,144
2020-09-11 09:45:00-04:00,30.94,30.94,30.94,30.94,100
2020-09-11 09:50:00-04:00,30.865,30.865,30.865,30.865,100
2020-09-11 09:55:00-04:00,30.89,30.89,30.89,30.89,100
2020-09-11 10:05:00-04:00,31.05,31.025,31.07,31.025,1067
2020-09-11 10:10:00-04:00,31.08,31.06,31.08,31,1427
2020-09-11 10:15:00-04:00,31.05,31.06,31.06,31.05,517
2020-09-11 10:25:00-04:00,31.08,31.06,31.08,31.06,516
2020-09-11 10:30:00-04:00,30.98,30.96,30.98,30.94,420
2020-09-11 10:35:00-04:00,30.98,31.065,31.065,30.95,700
2020-09-11 10:40:00-04:00,31.07,31.07,31.11,31.07,351
2020-09-11 10:45:00-04:00,31.09,31.03,31.09,31.02,572
2020-09-11 10:50:00-04:00,31.04,31.055,31.06,31.04,416
2020-09-11 10:55:00-04:00,31.04,31.08,31.08,31.04,400
2020-09-11 11:00:00-04:00,31.04,31.14,31.14,31.02,600
2020-09-11 11:05:00-04:00,31.15,31.14,31.15,31.14,208
2020-09-11 11:10:00-04:00,31.15,31.15,31.15,31.145,600
2020-09-11 11:15:00-04:00,31.14,31.17,31.17,31.14,200
2020-09-11 11:20:00-04:00,31.14,31.155,31.155,31.06,611
2020-09-11 11:25:00-04:00,31.185,31.2,31.2,31.185,210
2020-09-11 11:30:00-04:00,31.165,31.175,31.18,31.165,700
2020-09-11 11:35:00-04:00,31.16,31.215,31.215,31.16,376
2020-09-11 11:40:00-04:00,31.18,31.19,31.195,31.18,1473
2020-09-11 11:45:00-04:00,31.205,31.19,31.215,31.19,423
2020-09-11 11:50:00-04:00,31.2,31.22,31.22,31.195,300
2020-09-11 11:55:00-04:00,31.27,31.34,31.34,31.27,634
2020-09-11 12:00:00-04:00,31.295,31.395,31.395,31.295,272
2020-09-11 12:05:00-04:00,31.37,31.425,31.435,31.37,1065
2020-09-11 12:10:00-04:00,31.445,31.445,31.45,31.42,954
2020-09-11 12:15:00-04:00,31.43,31.395,31.43,31.39,1181
2020-09-11 12:20:00-04:00,31.395,31.39,31.395,31.39,200
2020-09-11 12:25:00-04:00,31.38,31.41,31.41,31.38,648
2020-09-11 12:30:00-04:00,31.38,31.38,31.39,31.375,761
2020-09-11 12:35:00-04:00,31.38,31.38,31.38,31.38,137
2020-09-11 12:40:00-04:00,31.33,31.32,31.33,31.28,549
2020-09-11 12:45:00-04:00,31.35,31.35,31.35,31.35,200
2020-09-11 12:50:00-04:00,31.445,31.38,31.445,31.38,447
2020-09-11 12:55:00-04:00,31.35,31.34,31.35,31.34,450
2020-09-11 13:05:00-04:00,31.28,31.19,31.28,31.185,612
2020-09-11 13:15:00-04:00,31.235,31.2,31.235,31.2,959
2020-09-11 13:20:00-04:00,31.22,31.2,31.225,31.2,606
2020-09-11 13:25:00-04:00,31.135,31.145,31.145,31.135,400
2020-09-11 13:30:00-04:00,31.135,31.15,31.15,31.085,766
2020-09-11 13:35:00-04:00,31.15,31.145,31.155,31.14,1617
2020-09-11 13:40:00-04:00,31.12,31.2,31.21,31.105,1600
2020-09-11 13:45:00-04:00,31.15,31.12,31.15,31.12,560
2020-09-11 13:50:00-04:00,31.125,31.16,31.165,31.125,1023
2020-09-11 13:55:00-04:00,31.115,31.12,31.12,31.115,3800
2020-09-11 14:00:00-04:00,31.085,31.15,31.15,31.055,1392
2020-09-11 14:05:00-04:00,31.19,31.23,31.23,31.19,401
2020-09-11 14:10:00-04:00,31.24,31.255,31.255,31.24,24500
2020-09-11 14:15:00-04:00,31.255,31.21,31.255,31.21,15707
2020-09-11 14:20:00-04:00,31.22,31.26,31.27,31.21,991
2020-09-11 14:30:00-04:00,31.24,31.26,31.27,31.24,454
2020-09-11 14:35:00-04:00,31.26,31.27,31.29,31.26,794
2020-09-11 14:40:00-04:00,31.3,31.33,31.335,31.3,1087
2020-09-11 14:45:00-04:00,31.335,31.305,31.335,31.305,442
2020-09-11 14:50:00-04:00,31.29,31.3,31.31,31.29,643
2020-09-11 14:55:00-04:00,31.335,31.34,31.35,31.31,1082
2020-09-11 15:00:00-04:00,31.34,31.29,31.34,31.29,1392
2020-09-11 15:05:00-04:00,31.28,31.29,31.29,31.28,447
2020-09-11 15:10:00-04:00,31.27,31.26,31.27,31.23,922
2020-09-11 15:15:00-04:00,31.33,31.36,31.36,31.33,452
2020-09-11 15:20:00-04:00,31.36,31.43,31.43,31.36,213
2020-09-11 15:25:00-04:00,31.43,31.44,31.44,31.42,310
2020-09-11 15:30:00-04:00,31.47,31.48,31.49,31.47,523
2020-09-11 15:35:00-04:00,31.47,31.46,31.48,31.45,1866
2020-09-11 15:40:00-04:00,31.43,31.43,31.43,31.43,213
2020-09-11 15:45:00-04:00,31.47,31.5,31.5,31.45,2303
2020-09-11 15:50:00-04:00,31.49,31.47,31.53,31.47,5945
2020-09-11 15:55:00-04:00,31.47,31.49,31.51,31.46,9033
2020-09-14 09:30:00-04:00,31.66,31.67,31.67,31.62,800
2020-09-14 09:35:00-04:00,31.91,31.89,31.93,31.89,500
2020-09-14 09:40:00-04:00,31.88,31.88,31.88,31.88,104
2020-09-14 09:45:00-04:00,31.95,31.895,31.96,31.885,612
2020-09-14 09:50:00-04:00,31.98,32.1,32.1,31.96,708
2020-09-14 09:55:00-04:00,32.13,32.07,32.13,32.07,343
2020-09-14 10:00:00-04:00,32.195,32.12,32.195,32.12,366
2020-09-14 10:05:00-04:00,32.13,32.19,32.22,32.13,594
2020-09-14 10:10:00-04:00,32.14,32.19,32.19,32.14,700
2020-09-14 10:15:00-04:00,32.25,32.255,32.255,32.25,200
2020-09-14 10:20:00-04:00,32.24,32.215,32.24,32.215,204
2020-09-14 10:25:00-04:00,32.23,32.23,32.23,32.18,308
2020-09-14 10:30:00-04:00,32.31,32.33,32.35,32.28,756
2020-09-14 10:35:00-04:00,32.33,32.24,32.33,32.24,692
2020-09-14 10:40:00-04:00,32.325,32.33,32.33,32.32,525
2020-09-14 10:45:00-04:00,32.365,32.44,32.44,32.365,406
2020-09-14 10:50:00-04:00,32.44,32.46,32.465,32.44,500
2020-09-14 10:55:00-04:00,32.38,32.38,32.38,32.38,100
2020-09-14 11:00:00-04:00,32.375,32.41,32.41,32.37,483
2020-09-14 11:05:00-04:00,32.4,32.39,32.4,32.39,201
2020-09-14 11:10:00-04:00,32.425,32.41,32.425,32.4,800
2020-09-14 11:15:00-04:00,32.4,32.37,32.425,32.37,300
2020-09-14 11:20:00-04:00,32.33,32.36,32.36,32.325,414
2020-09-14 11:25:00-04:00,32.38,32.38,32.38,32.38,100
2020-09-14 11:30:00-04:00,32.32,32.355,32.355,32.32,304
2020-09-14 11:35:00-04:00,32.375,32.44,32.44,32.375,611
2020-09-14 11:40:00-04:00,32.43,32.42,32.43,32.42,604
2020-09-14 11:45:00-04:00,32.345,32.34,32.345,32.34,200
2020-09-14 11:50:00-04:00,32.285,32.26,32.285,32.26,401
2020-09-14 11:55:00-04:00,32.255,32.22,32.285,32.22,400
2020-09-14 12:00:00-04:00,32.23,32.23,32.23,32.23,100
2020-09-14 12:05:00-04:00,32.25,32.25,32.25,32.25,200
2020-09-14 12:15:00-04:00,32.365,32.39,32.39,32.365,800
2020-09-14 12:25:00-04:00,32.44,32.44,32.44,32.44,246
2020-09-14 12:30:00-04:00,32.525,32.495,32.525,32.495,500
2020-09-14 12:35:00-04:00,32.59,32.595,32.595,32.59,200
2020-09-14 12:40:00-04:00,32.61,32.585,32.61,32.585,200
2020-09-14 12:45:00-04:00,32.575,32.58,32.58,32.575,200
2020-09-14 12:50:00-04:00,32.585,32.585,32.585,32.585,101
2020-09-14 12:55:00-04:00,32.64,32.64,32.64,32.64,100
2020-09-14 13:00:00-04:00,32.645,32.665,32.665,32.645,210
2020-09-14 13:05:00-04:00,32.61,32.595,32.61,32.595,200
2020-09-14 13:10:00-04:00,32.56,32.565,32.565,32.56,200
2020-09-14 13:15:00-04:00,32.595,32.605,32.605,32.595,286
2020-09-14 13:20:00-04:00,32.62,32.605,32.62,32.605,200
2020-09-14 13:25:00-04:00,32.595,32.575,32.595,32.575,302
2020-09-14 13:30:00-04:00,32.455,32.455,32.455,32.455,123
2020-09-14 13:35:00-04:00,32.395,32.32,32.395,32.32,208
2020-09-14 13:40:00-04:00,32.23,32.23,32.23,32.23,104
2020-09-14 13:45:00-04:00,32.25,32.25,32.25,32.25,101
2020-09-14 13:50:00-04:00,32.235,32.25,32.25,32.235,301
2020-09-14 13:55:00-04:00,32.285,32.285,32.285,32.285,200
2020-09-14 14:00:00-04:00,32.28,32.28,32.28,32.28,500
2020-09-14 14:05:00-04:00,32.285,32.315,32.315,32.285,410
2020-09-14 14:10:00-04:00,32.33,32.305,32.33,32.3,1049
2020-09-14 14:15:00-04:00,32.325,32.34,32.35,32.325,2112
2020-09-14 14:20:00-04:00,32.27,32.27,32.27,32.27,100
2020-09-14 14:25:00-04:00,32.27,32.27,32.27,32.27,104
2020-09-14 14:30:00-04:00,32.26,32.18,32.26,32.18,319
2020-09-14 14:40:00-04:00,32.215,32.25,32.25,32.215,469
2020-09-14 14:45:00-04:00,32.285,32.325,32.325,32.285,935
2020-09-14 14:50:00-04:00,32.33,32.31,32.33,32.31,604
2020-09-14 14:55:00-04:00,32.19,32.305,32.305,32.19,713
2020-09-14 15:00:00-04:00,32.29,32.225,32.29,32.225,400
2020-09-14 15:05:00-04:00,32.22,32.26,32.26,32.22,247
2020-09-14 15:10:00-04:00,32.26,32.22,32.26,32.22,300
2020-09-14 15:15:00-04:00,32.195,32.21,32.21,32.175,475
2020-09-14 15:20:00-04:00,32.195,32.165,32.195,32.165,200
2020-09-14 15:25:00-04:00,32.155,32.155,32.155,32.155,200
2020-09-14 15:30:00-04:00,32.175,32.16,32.175,32.16,420
2020-09-14 15:35:00-04:00,32.21,32.21,32.21,32.21,135
2020-09-14 15:40:00-04:00,32.23,32.265,32.265,32.23,200
2020-09-14 15:45:00-04:00,32.265,32.33,32.33,32.265,1077
2020-09-14 15:50:00-04:00,32.33,32.33,32.36,32.325,2253
2020-09-14 15:55:00-04:00,32.32,32.25,32.325,32.25,10923
2020-09-15 09:30:00-04:00,32.05,31.95,32.12,31.95,910
2020-09-15 09:35:00-04:00,31.89,31.76,31.97,31.73,819
2020-09-15 09:40:00-04:00,31.76,31.78,31.79,31.76,600
2020-09-15 09:45:00-04:00,31.64,31.39,31.64,31.39,607
2020-09-15 09:50:00-04:00,31.4,31.375,31.415,31.375,596
2020-09-15 09:55:00-04:00,31.35,31.365,31.39,31.325,702
2020-09-15 10:00:00-04:00,31.415,31.495,31.495,31.415,834
2020-09-15 10:05:00-04:00,31.49,31.395,31.49,31.36,1100
2020-09-15 10:10:00-04:00,31.36,31.515,31.515,31.36,3594
2020-09-15 10:15:00-04:00,31.52,31.615,31.615,31.52,3275
2020-09-15 10:20:00-04:00,31.68,31.59,31.68,31.59,1220
2020-09-15 10:25:00-04:00,31.54,31.49,31.57,31.49,500
2020-09-15 10:30:00-04:00,31.49,31.75,31.765,31.46,8133
2020-09-15 10:35:00-04:00,31.75,31.825,31.83,31.73,2262
2020-09-15 10:40:00-04:00,31.82,31.83,31.98,31.82,3778
2020-09-15 10:45:00-04:00,31.83,31.91,31.91,31.81,1112
2020-09-15 10:50:00-04:00,31.93,31.83,31.93,31.83,1046
2020-09-15 10:55:00-04:00,31.87,31.88,31.92,31.87,1042
2020-09-15 11:00:00-04:00,31.88,31.82,31.93,31.82,902
2020-09-15 11:05:00-04:00,31.8,31.68,31.8,31.68,1362
2020-09-15 11:10:00-04:00,31.685,31.67,31.7,31.67,1108
2020-09-15 11:15:00-04:00,31.61,31.7,31.72,31.6,1133
2020-09-15 11:20:00-04:00,31.67,31.67,31.67,31.67,200
2020-09-15 11:25:00-04:00,31.69,31.615,31.69,31.615,415
2020-09-15 11:30:00-04:00,31.54,31.48,31.54,31.48,801
2020-09-15 11:35:00-04:00,31.47,31.51,31.51,31.47,605
2020-09-15 11:40:00-04:00,31.515,31.47,31.515,31.47,704
2020-09-15 11:45:00-04:00,31.48,31.42,31.48,31.42,738
2020-09-15 11:50:00-04:00,31.44,31.46,31.475,31.44,301
2020-09-15 11:55:00-04:00,31.44,31.44,31.44,31.44,360
2020-09-15 12:00:00-04:00,31.43,31.43,31.44,31.415,858
2020-09-15 12:05:00-04:00,31.46,31.43,31.47,31.43,672
2020-09-15 12:10:00-04:00,31.475,31.505,31.505,31.475,410
2020-09-15 12:15:00-04:00,31.475,31.425,31.475,31.41,355
2020-09-15 12:20:00-04:00,31.38,31.36,31.38,31.32,1010
2020-09-15 12:25:00-04:00,31.345,31.36,31.38,31.345,659
2020-09-15 12:30:00-04:00,31.355,31.45,31.455,31.355,505
2020-09-15 12:35:00-04:00,31.505,31.5,31.505,31.495,302
2020-09-15 12:40:00-04:00,31.515,31.515,31.515,31.515,100
2020-09-15 12:45:00-04:00,31.53,31.52,31.53,31.52,200
2020-09-15 12:50:00-04:00,31.52,31.55,31.55,31.515,640
2020-09-15 12:55:00-04:00,31.52,31.56,31.58,31.52,903
2020-09-15 13:00:00-04:00,31.56,31.565,31.565,31.56,200
2020-09-15 13:05:00-04:00,31.64,31.615,31.64,31.615,204
2020-09-15 13:10:00-04:00,31.62,31.63,31.63,31.62,306
2020-09-15 13:15:00-04:00,31.61,31.56,31.61,31.56,1851
2020-09-15 13:20:00-04:00,31.59,31.53,31.59,31.53,615
2020-09-15 13:25:00-04:00,31.485,31.49,31.49,31.485,202
2020-09-15 13:30:00-04:00,31.46,31.445,31.46,31.445,467
2020-09-15 13:35:00-04:00,31.45,31.485,31.485,31.45,200
2020-09-15 13:40:00-04:00,31.53,31.53,31.53,31.53,600
2020-09-15 13:45:00-04:00,31.5,31.5,31.5,31.5,100
2020-09-15 13:50:00-04:00,31.48,31.485,31.485,31.48,350
2020-09-15 14:00:00-04:00,31.435,31.455,31.455,31.435,200
2020-09-15 14:05:00-04:00,31.5,31.48,31.5,31.48,404
2020-09-15 14:10:00-04:00,31.485,31.43,31.485,31.43,657
2020-09-15 14:15:00-04:00,31.44,31.465,31.465,31.44,550
2020-09-15 14:20:00-04:00,31.46,31.42,31.46,31.42,505
2020-09-15 14:25:00-04:00,31.41,31.43,31.44,31.41,827
2020-09-15 14:30:00-04:00,31.415,31.47,31.47,31.405,1390
2020-09-15 14:35:00-04:00,31.48,31.48,31.48,31.48,100
2020-09-15 14:40:00-04:00,31.44,31.435,31.44,31.435,406
2020-09-15 14:45:00-04:00,31.43,31.39,31.43,31.39,203
2020-09-15 14:50:00-04:00,31.415,31.41,31.415,31.41,200
2020-09-15 14:55:00-04:00,31.36,31.38,31.39,31.36,699
2020-09-15 15:00:00-04:00,31.335,31.325,31.345,31.325,794
2020-09-15 15:05:00-04:00,31.295,31.29,31.315,31.27,1201
2020-09-15 15:10:00-04:00,31.32,31.305,31.32,31.305,619
2020-09-15 15:15:00-04:00,31.295,31.34,31.355,31.295,593
2020-09-15 15:20:00-04:00,31.33,31.25,31.33,31.25,200
2020-09-15 15:25:00-04:00,31.21,31.12,31.21,31.12,400
2020-09-15 15:30:00-04:00,31.19,31.17,31.19,31.16,520
2020-09-15 15:35:00-04:00,31.18,31.115,31.18,31.115,2452
2020-09-15 15:40:00-04:00,31.11,31.14,31.14,31.1,5261
2020-09-15 15:45:00-04:00,31.17,31.185,31.21,31.16,946
2020-09-15 15:50:00-04:00,31.21,31.165,31.225,31.165,2960
2020-09-15 15:55:00-04:00,31.17,31.16,31.19,31.12,13068
2020-09-16 09:30:00-04:00,31.06,30.965,31.06,30.965,325
2020-09-16 09:35:00-04:00,30.955,31.06,31.09,30.95,1005
2020-09-16 09:40:00-04:00,30.98,30.98,30.98,30.98,200
2020-09-16 09:45:00-04:00,30.96,30.92,30.96,30.92,310
2020-09-16 09:50:00-04:00,30.91,30.965,30.965,30.905,1431
2020-09-16 09:55:00-04:00,30.94,31.09,31.09,30.92,1135
2020-09-16 10:00:00-04:00,31.08,31.37,31.43,31.08,3971
2020-09-16 10:05:00-04:00,31.32,31.425,31.425,31.32,1519
2020-09-16 10:10:00-04:00,31.43,31.49,31.49,31.415,1051
2020-09-16 10:15:00-04:00,31.44,31.66,31.68,31.43,1875
2020-09-16 10:20:00-04:00,31.64,31.665,31.67,31.61,3588
2020-09-16 10:25:00-04:00,31.71,31.71,31.71,31.71,120
2020-09-16 10:30:00-04:00,31.54,31.635,31.635,31.49,579
2020-09-16 10:35:00-04:00,31.57,31.535,31.57,31.535,215
2020-09-16 10:40:00-04:00,31.63,31.69,31.69,31.63,461
2020-09-16 10:45:00-04:00,31.71,31.69,31.74,31.69,320
2020-09-16 10:50:00-04:00,31.71,31.69,31.71,31.69,592
2020-09-16 10:55:00-04:00,31.74,31.79,31.79,31.735,649
2020-09-16 11:00:00-04:00,31.85,31.9,31.9,31.85,1446
2020-09-16 11:05:00-04:00,31.91,31.99,31.99,31.91,430
2020-09-16 11:10:00-04:00,32.01,31.99,32.04,31.99,445
2020-09-16 11:15:00-04:00,32.025,32.04,32.06,32.025,720
2020-09-16 11:20:00-04:00,31.98,32.03,32.03,31.98,305
2020-09-16 11:25:00-04:00,32.05,32.055,32.055,32.04,311
2020-09-16 11:30:00-04:00,31.99,31.96,31.99,31.95,643
2020-09-16 11:35:00-04:00,31.97,31.96,31.97,31.96,252
2020-09-16 11:40:00-04:00,32.03,32.055,32.055,32.02,510
2020-09-16 11:45:00-04:00,32.05,32.04,32.05,32.02,459
2020-09-16 11:55:00-04:00,32.09,32.1,32.1,32.09,360
2020-09-16 12:00:00-04:00,32.055,32.03,32.055,32.03,200
2020-09-16 12:15:00-04:00,32.1,32.08,32.1,32.08,600
2020-09-16 12:30:00-04:00,32.16,32.16,32.17,32.16,310
2020-09-16 12:35:00-04:00,32.11,32.07,32.11,32.07,200
2020-09-16 12:45:00-04:00,32.165,32.165,32.165,32.165,100
2020-09-16 13:00:00-04:00,32.13,32.115,32.13,32.115,500
2020-09-16 13:05:00-04:00,32.08,32.08,32.08,32.08,100
2020-09-16 13:10:00-04:00,32.06,32.06,32.06,32.06,158
2020-09-16 13:15:00-04:00,32.09,32.09,32.09,32.09,100
2020-09-16 13:25:00-04:00,32.13,32.13,32.13,32.13,100
2020-09-16 13:50:00-04:00,32.15,32.15,32.15,32.15,175
2020-09-16 13:55:00-04:00,32.16,32.16,32.16,32.16,100
2020-09-16 14:00:00-04:00,32.105,32.14,32.14,32.105,452
2020-09-16 14:05:00-04:00,32.18,32.19,32.19,32.17,927
2020-09-16 14:10:00-04:00,32.17,32.16,32.17,32.16,200
2020-09-16 14:15:00-04:00,32.215,32.215,32.215,32.215,112
2020-09-16 14:20:00-04:00,32.19,32.19,32.19,32.19,240
2020-09-16 14:30:00-04:00,32.225,32.225,32.225,32.225,100
2020-09-16 14:35:00-04:00,32.255,32.33,32.33,32.235,300
2020-09-16 14:40:00-04:00,32.31,32.3,32.32,32.3,300
2020-09-16 14:55:00-04:00,32.15,32.15,32.15,32.15,100
2020-09-16 15:00:00-04:00,32.085,32.085,32.085,32.085,200
2020-09-16 15:05:00-04:00,32.03,32.02,32.03,32.02,225
2020-09-16 15:10:00-04:00,31.88,31.785,31.88,31.78,846
2020-09-16 15:15:00-04:00,31.82,31.845,31.845,31.82,210
2020-09-16 15:20:00-04:00,31.86,31.86,31.86,31.86,100
2020-09-16 15:25:00-04:00,31.83,31.86,31.91,31.83,404
2020-09-16 15:30:00-04:00,31.86,31.86,31.865,31.795,951
2020-09-16 15:35:00-04:00,31.92,31.93,31.93,31.92,222
2020-09-16 15:40:00-04:00,31.88,31.87,31.88,31.83,721
2020-09-16 15:45:00-04:00,31.87,31.93,31.98,31.87,2991
2020-09-16 15:50:00-04:00,31.89,31.9,31.93,31.87,11286
2020-09-16 15:55:00-04:00,31.895,31.8,31.895,31.78,12362
2020-09-17 09:25:00-04:00,31.41,31.41,31.41,31.41,200
2020-09-17 09:30:00-04:00,31.51,31.29,31.51,31.29,934
2020-09-17 09:35:00-04:00,31.43,31.38,31.43,31.38,652
2020-09-17 09:40:00-04:00,31.5,31.5,31.5,31.5,200
2020-09-17 09:45:00-04:00,31.53,31.53,31.53,31.53,128
2020-09-17 09:50:00-04:00,31.57,31.55,31.62,31.55,582
2020-09-17 09:55:00-04:00,31.55,31.465,31.55,31.465,1010
2020-09-17 10:00:00-04:00,31.535,31.51,31.535,31.47,312
2020-09-17 10:05:00-04:00,31.55,31.55,31.55,31.55,250
2020-09-17 10:10:00-04:00,31.685,31.66,31.685,31.66,349
2020-09-17 10:20:00-04:00,31.755,31.785,31.785,31.755,730
2020-09-17 10:25:00-04:00,31.765,31.7,31.765,31.7,339
2020-09-17 10:30:00-04:00,31.65,31.66,31.66,31.65,311
2020-09-17 10:35:00-04:00,31.73,31.745,31.745,31.73,771
2020-09-17 10:40:00-04:00,31.69,31.58,31.69,31.58,510
2020-09-17 10:45:00-04:00,31.56,31.62,31.62,31.56,370
2020-09-17 10:50:00-04:00,31.57,31.625,31.625,31.57,400
2020-09-17 10:55:00-04:00,31.55,31.54,31.55,31.54,410
2020-09-17 11:00:00-04:00,31.555,31.65,31.65,31.555,1048
2020-09-17 11:05:00-04:00,31.63,31.61,31.63,31.61,544
2020-09-17 11:10:00-04:00,31.67,31.67,31.67,31.67,200
2020-09-17 11:15:00-04:00,31.64,31.64,31.64,31.64,300
2020-09-17 11:20:00-04:00,31.67,31.68,31.69,31.67,900
2020-09-17 11:25:00-04:00,31.625,31.59,31.625,31.59,610
2020-09-17 11:30:00-04:00,31.59,31.59,31.59,31.59,110
2020-09-17 11:35:00-04:00,31.56,31.56,31.56,31.56,200
2020-09-17 11:40:00-04:00,31.55,31.55,31.55,31.545,616
2020-09-17 11:45:00-04:00,31.53,31.53,31.53,31.53,400
2020-09-17 11:50:00-04:00,31.565,31.57,31.595,31.565,424
2020-09-17 11:55:00-04:00,31.54,31.51,31.54,31.51,639
2020-09-17 12:05:00-04:00,31.54,31.5,31.54,31.5,488
2020-09-17 12:10:00-04:00,31.45,31.43,31.45,31.43,200
2020-09-17 12:15:00-04:00,31.41,31.28,31.41,31.28,1480
2020-09-17 12:20:00-04:00,31.3,31.36,31.36,31.3,302
2020-09-17 12:25:00-04:00,31.33,31.39,31.41,31.33,664
2020-09-17 12:30:00-04:00,31.37,31.39,31.39,31.37,234
2020-09-17 12:35:00-04:00,31.42,31.43,31.43,31.42,352
2020-09-17 12:40:00-04:00,31.44,31.44,31.44,31.44,100
2020-09-17 12:45:00-04:00,31.39,31.39,31.39,31.39,100
2020-09-17 12:50:00-04:00,31.49,31.52,31.52,31.49,320
2020-09-17 12:55:00-04:00,31.51,31.51,31.51,31.51,100
2020-09-17 13:05:00-04:00,31.48,31.48,31.48,31.48,100
2020-09-17 13:10:00-04:00,31.46,31.455,31.46,31.455,206
2020-09-17 13:15:00-04:00,31.45,31.43,31.45,31.43,202
2020-09-17 13:45:00-04:00,31.54,31.54,31.54,31.54,302
2020-09-17 13:50:00-04:00,31.54,31.54,31.54,31.54,101
2020-09-17 13:55:00-04:00,31.55,31.55,31.55,31.55,157
2020-09-17 14:10:00-04:00,31.66,31.66,31.66,31.66,100
2020-09-17 14:20:00-04:00,31.63,31.635,31.635,31.63,263
2020-09-17 14:30:00-04:00,31.585,31.585,31.585,31.585,100
2020-09-17 14:35:00-04:00,31.555,31.555,31.555,31.555,100
2020-09-17 14:40:00-04:00,31.58,31.58,31.58,31.58,122
2020-09-17 14:45:00-04:00,31.565,31.565,31.565,31.565,100
2020-09-17 14:55:00-04:00,31.575,31.575,31.575,31.575,100
2020-09-17 15:00:00-04:00,31.51,31.51,31.51,31.51,200
2020-09-17 15:15:00-04:00,31.57,31.49,31.57,31.49,200
2020-09-17 15:20:00-04:00,31.485,31.485,31.485,31.485,100
2020-09-17 15:25:00-04:00,31.45,31.46,31.47,31.45,376
2020-09-17 15:30:00-04:00,31.48,31.51,31.51,31.48,902
2020-09-17 15:35:00-04:00,31.6,31.59,31.62,31.59,312
2020-09-17 15:40:00-04:00,31.62,31.56,31.62,31.56,680
2020-09-17 15:45:00-04:00,31.56,31.55,31.56,31.495,1646
2020-09-17 15:50:00-04:00,31.55,31.52,31.63,31.5,7005
2020-09-17 15:55:00-04:00,31.52,31.52,31.52,31.46,16203
2020-09-18 09:30:00-04:00,31.22,31.39,31.4,31.17,1097
2020-09-18 09:35:00-04:00,31.44,31.44,31.44,31.44,206
2020-09-18 09:40:00-04:00,31.27,31.27,31.27,31.27,100
2020-09-18 09:50:00-04:00,31.16,31.17,31.175,31.16,450
2020-09-18 10:00:00-04:00,31.075,31.075,31.075,31.075,228
2020-09-18 10:05:00-04:00,31.12,31.15,31.15,31.11,411
2020-09-18 10:10:00-04:00,31.18,31.32,31.32,31.18,301
2020-09-18 10:20:00-04:00,31.47,31.55,31.55,31.47,326
2020-09-18 10:25:00-04:00,31.61,31.64,31.64,31.61,209
2020-09-18 10:30:00-04:00,31.63,31.61,31.69,31.59,646
2020-09-18 10:35:00-04:00,31.62,31.59,31.62,31.59,245
2020-09-18 10:40:00-04:00,31.66,31.72,31.72,31.66,230
2020-09-18 10:45:00-04:00,31.63,31.685,31.71,31.63,905
2020-09-18 10:50:00-04:00,31.71,31.59,31.72,31.59,1035
2020-09-18 10:55:00-04:00,31.59,31.65,31.65,31.59,611
2020-09-18 11:00:00-04:00,31.63,31.71,31.75,31.63,423
2020-09-18 11:05:00-04:00,31.71,31.68,31.71,31.68,500
2020-09-18 11:10:00-04:00,31.67,31.67,31.67,31.67,100
2020-09-18 11:15:00-04:00,31.62,31.61,31.62,31.61,443
2020-09-18 11:20:00-04:00,31.63,31.59,31.63,31.59,223
2020-09-18 11:25:00-04:00,31.59,31.56,31.59,31.56,338
2020-09-18 11:30:00-04:00,31.56,31.535,31.56,31.535,300
2020-09-18 11:35:00-04:00,31.495,31.5,31.5,31.495,600
2020-09-18 11:40:00-04:00,31.6,31.58,31.61,31.58,422
2020-09-18 11:45:00-04:00,31.52,31.525,31.525,31.52,200
2020-09-18 11:50:00-04:00,31.62,31.62,31.62,31.62,100
2020-09-18 11:55:00-04:00,31.52,31.5,31.525,31.5,600
2020-09-18 12:00:00-04:00,31.45,31.45,31.45,31.45,105
2020-09-18 12:05:00-04:00,31.44,31.44,31.44,31.44,100
2020-09-18 12:10:00-04:00,31.43,31.41,31.43,31.41,213
2020-09-18 12:15:00-04:00,31.38,31.375,31.38,31.37,300
2020-09-18 12:20:00-04:00,31.37,31.33,31.37,31.3,1200
2020-09-18 12:25:00-04:00,31.35,31.38,31.38,31.35,200
2020-09-18 12:30:00-04:00,31.34,31.32,31.34,31.32,500
2020-09-18 12:35:00-04:00,31.325,31.32,31.325,31.29,900
2020-09-18 12:40:00-04:00,31.3,31.29,31.3,31.29,300
2020-09-18 12:45:00-04:00,31.28,31.28,31.28,31.28,100
2020-09-18 12:50:00-04:00,31.205,31.205,31.205,31.205,100
2020-09-18 13:10:00-04:00,31.32,31.32,31.32,31.32,124
2020-09-18 13:15:00-04:00,31.34,31.34,31.34,31.34,100
2020-09-18 13:20:00-04:00,31.35,31.39,31.39,31.35,200
2020-09-18 13:25:00-04:00,31.4,31.4,31.4,31.4,100
2020-09-18 13:30:00-04:00,31.19,31.27,31.27,31.16,600
2020-09-18 13:35:00-04:00,31.32,31.315,31.34,31.29,658
2020-09-18 13:45:00-04:00,31.34,31.345,31.345,31.34,298
2020-09-18 13:50:00-04:00,31.38,31.38,31.38,31.38,100
2020-09-18 14:00:00-04:00,31.46,31.445,31.46,31.43,400
2020-09-18 14:05:00-04:00,31.48,31.45,31.48,31.44,325
2020-09-18 14:10:00-04:00,31.45,31.45,31.45,31.45,283
2020-09-18 14:15:00-04:00,31.48,31.47,31.48,31.47,234
2020-09-18 14:20:00-04:00,31.475,31.51,31.51,31.475,429
2020-09-18 14:25:00-04:00,31.53,31.51,31.53,31.51,200
2020-09-18 14:30:00-04:00,31.535,31.54,31.54,31.535,210
2020-09-18 14:35:00-04:00,31.515,31.48,31.515,31.48,229
2020-09-18 14:40:00-04:00,31.47,31.415,31.48,31.415,557
2020-09-18 14:45:00-04:00,31.43,31.45,31.485,31.43,610
2020-09-18 14:50:00-04:00,31.5,31.5,31.5,31.5,105
2020-09-18 14:55:00-04:00,31.5,31.51,31.51,31.5,1115
2020-09-18 15:00:00-04:00,31.535,31.51,31.535,31.51,517
2020-09-18 15:05:00-04:00,31.53,31.53,31.53,31.53,100
2020-09-18 15:10:00-04:00,31.52,31.525,31.525,31.52,216
2020-09-18 15:15:00-04:00,31.505,31.5,31.515,31.5,505
2020-09-18 15:20:00-04:00,31.465,31.475,31.475,31.465,217
2020-09-18 15:25:00-04:00,31.565,31.565,31.565,31.565,305
2020-09-18 15:30:00-04:00,31.54,31.49,31.555,31.45,2519
2020-09-18 15:35:00-04:00,31.485,31.515,31.54,31.465,1620
2020-09-18 15:40:00-04:00,31.52,31.54,31.55,31.52,820
2020-09-18 15:45:00-04:00,31.54,31.5,31.54,31.45,2314
2020-09-18 15:50:00-04:00,31.48,31.33,31.51,31.32,4759
2020-09-18 15:55:00-04:00,31.4,31.41,31.44,31.4,10094
2020-09-21 09:30:00-04:00,30.93,30.61,30.93,30.5,1761
2020-09-21 09:35:00-04:00,30.5,30.46,30.5,30.46,400
2020-09-21 09:40:00-04:00,30.62,30.62,30.62,30.62,250
2020-09-21 09:45:00-04:00,30.59,30.575,30.59,30.575,307
2020-09-21 09:50:00-04:00,30.64,30.67,30.67,30.64,420
2020-09-21 09:55:00-04:00,30.66,30.67,30.67,30.66,400
2020-09-21 10:00:00-04:00,30.88,30.91,30.93,30.88,471
2020-09-21 10:05:00-04:00,30.89,30.93,30.93,30.89,200
2020-09-21 10:10:00-04:00,30.81,30.81,30.81,30.81,210
2020-09-21 10:20:00-04:00,30.62,30.6,30.62,30.6,242
2020-09-21 10:25:00-04:00,30.63,30.63,30.63,30.63,100
2020-09-21 10:30:00-04:00,30.55,30.47,30.55,30.47,373
2020-09-21 10:35:00-04:00,30.41,30.43,30.44,30.41,418
2020-09-21 10:40:00-04:00,30.4,30.4,30.4,30.4,100
2020-09-21 10:45:00-04:00,30.38,30.37,30.38,30.3,1159
2020-09-21 10:50:00-04:00,30.42,30.4,30.42,30.4,259
2020-09-21 10:55:00-04:00,30.42,30.38,30.43,30.38,600
2020-09-21 11:00:00-04:00,30.345,30.33,30.345,30.33,254
2020-09-21 11:05:00-04:00,30.32,30.32,30.32,30.32,301
2020-09-21 11:10:00-04:00,30.26,30.26,30.26,30.26,200
2020-09-21 11:15:00-04:00,30.25,30.17,30.25,30.17,1504
2020-09-21 11:20:00-04:00,30.165,30.105,30.165,30.06,785
2020-09-21 11:25:00-04:00,30.1,30.06,30.13,30.06,463
2020-09-21 11:35:00-04:00,30,29.99,30.02,29.99,400
2020-09-21 11:40:00-04:00,29.98,29.955,30.04,29.955,998
2020-09-21 11:45:00-04:00,30.01,30.03,30.065,30.01,488
2020-09-21 11:50:00-04:00,30.04,30.055,30.055,30.03,400
2020-09-21 11:55:00-04:00,30.025,29.99,30.025,29.99,201
2020-09-21 12:00:00-04:00,30,30.01,30.01,30,217
2020-09-21 12:05:00-04:00,30,30.03,30.03,30,464
2020-09-21 12:10:00-04:00,30.02,30.02,30.02,30.02,130
2020-09-21 12:15:00-04:00,29.93,29.98,29.98,29.93,400
2020-09-21 12:20:00-04:00,29.94,29.94,29.94,29.94,210
2020-09-21 12:25:00-04:00,29.925,29.96,29.96,29.925,407
2020-09-21 12:30:00-04:00,29.93,29.93,29.93,29.93,100
2020-09-21 12:35:00-04:00,29.9,29.9,29.9,29.9,100
2020-09-21 12:40:00-04:00,29.92,29.86,29.92,29.86,469
2020-09-21 12:45:00-04:00,29.805,29.805,29.805,29.805,200
2020-09-21 12:50:00-04:00,29.78,29.75,29.78,29.75,310
2020-09-21 12:55:00-04:00,29.715,29.725,29.735,29.715,520
2020-09-21 13:00:00-04:00,29.7,29.7,29.7,29.7,200
2020-09-21 13:05:00-04:00,29.74,29.725,29.74,29.725,201
2020-09-21 13:10:00-04:00,29.74,29.74,29.74,29.74,100
2020-09-21 13:15:00-04:00,29.79,29.79,29.79,29.79,141
2020-09-21 13:20:00-04:00,29.795,29.79,29.795,29.785,315
2020-09-21 13:25:00-04:00,29.83,29.835,29.835,29.82,305
2020-09-21 13:30:00-04:00,29.82,29.845,29.86,29.82,836
2020-09-21 13:35:00-04:00,29.835,29.82,29.835,29.82,311
2020-09-21 13:45:00-04:00,29.8,29.845,29.845,29.8,520
2020-09-21 13:50:00-04:00,29.845,29.765,29.845,29.765,320
2020-09-21 13:55:00-04:00,29.76,29.79,29.8,29.76,511
2020-09-21 14:05:00-04:00,29.69,29.69,29.69,29.69,276
2020-09-21 14:15:00-04:00,29.68,29.62,29.68,29.62,600
2020-09-21 14:20:00-04:00,29.64,29.64,29.64,29.64,159
2020-09-21 14:25:00-04:00,29.73,29.69,29.73,29.69,391
2020-09-21 14:30:00-04:00,29.62,29.54,29.62,29.54,973
2020-09-21 14:35:00-04:00,29.545,29.54,29.545,29.54,300
2020-09-21 14:40:00-04:00,29.51,29.55,29.555,29.51,861
2020-09-21 14:45:00-04:00,29.515,29.51,29.52,29.505,1125
2020-09-21 14:50:00-04:00,29.53,29.54,29.54,29.53,860
2020-09-21 14:55:00-04:00,29.545,29.54,29.545,29.54,200
2020-09-21 15:00:00-04:00,29.53,29.59,29.59,29.53,759
2020-09-21 15:05:00-04:00,29.63,29.63,29.63,29.63,100
2020-09-21 15:10:00-04:00,29.68,29.71,29.71,29.68,300
2020-09-21 15:15:00-04:00,29.77,29.78,29.78,29.77,310
2020-09-21 15:25:00-04:00,29.805,29.78,29.81,29.78,326
2020-09-21 15:30:00-04:00,29.79,29.74,29.79,29.725,1229
2020-09-21 15:35:00-04:00,29.765,29.74,29.77,29.735,609
2020-09-21 15:40:00-04:00,29.74,29.695,29.74,29.695,273
2020-09-21 15:45:00-04:00,29.72,29.74,29.75,29.71,2612
2020-09-21 15:50:00-04:00,29.75,29.81,29.84,29.72,5024
2020-09-21 15:55:00-04:00,29.805,29.82,29.89,29.8,14936
2020-09-22 09:30:00-04:00,29.755,29.48,29.755,29.48,1069
2020-09-22 09:35:00-04:00,29.51,29.87,29.87,29.51,770
2020-09-22 09:40:00-04:00,29.92,29.96,29.98,29.92,410
2020-09-22 09:45:00-04:00,30.06,29.875,30.06,29.875,474
2020-09-22 09:50:00-04:00,29.79,29.88,29.88,29.79,401
2020-09-22 09:55:00-04:00,29.7,29.62,29.735,29.62,1328
2020-09-22 10:00:00-04:00,29.55,29.485,29.55,29.48,723
2020-09-22 10:05:00-04:00,29.47,29.47,29.525,29.47,1052
2020-09-22 10:10:00-04:00,29.395,29.395,29.41,29.35,1003
2020-09-22 10:15:00-04:00,29.56,29.5,29.56,29.5,300
2020-09-22 10:25:00-04:00,29.4,29.37,29.4,29.32,453
2020-09-22 10:30:00-04:00,29.39,29.4,29.415,29.375,600
2020-09-22 10:35:00-04:00,29.39,29.37,29.39,29.34,712
2020-09-22 10:40:00-04:00,29.29,29.23,29.31,29.23,1131
2020-09-22 10:45:00-04:00,29.235,29.18,29.235,29.18,509
2020-09-22 10:50:00-04:00,29.2,29.16,29.2,29.14,454
2020-09-22 10:55:00-04:00,29.13,29.13,29.165,29.13,753
2020-09-22 11:00:00-04:00,29.05,29.04,29.05,28.98,1282
2020-09-22 11:05:00-04:00,29.025,29.02,29.04,29.02,432
2020-09-22 11:10:00-04:00,28.93,28.97,28.97,28.93,302
2020-09-22 11:15:00-04:00,29,28.99,29.005,28.99,300
2020-09-22 11:20:00-04:00,28.975,28.96,28.99,28.96,993
2020-09-22 11:25:00-04:00,28.955,28.94,28.955,28.94,400
2020-09-22 11:30:00-04:00,28.92,28.92,28.92,28.88,701
2020-09-22 11:35:00-04:00,28.88,28.845,28.885,28.845,405
2020-09-22 11:40:00-04:00,28.86,28.82,28.905,28.82,1121
2020-09-22 11:45:00-04:00,28.825,28.845,28.845,28.825,423
2020-09-22 11:50:00-04:00,28.83,28.81,28.85,28.81,1449
2020-09-22 11:55:00-04:00,28.81,28.805,28.81,28.785,400
2020-09-22 12:00:00-04:00,28.79,28.8,28.815,28.78,1467
2020-09-22 12:05:00-04:00,28.78,28.8,28.8,28.78,508
2020-09-22 12:10:00-04:00,28.81,28.75,28.81,28.75,505
2020-09-22 12:15:00-04:00,28.69,28.69,28.69,28.69,401
2020-09-22 12:20:00-04:00,28.67,28.655,28.67,28.65,686
2020-09-22 12:25:00-04:00,28.655,28.67,28.67,28.655,317
2020-09-22 12:30:00-04:00,28.635,28.61,28.635,28.61,500
2020-09-22 12:35:00-04:00,28.58,28.62,28.62,28.58,1710
2020-09-22 12:40:00-04:00,28.62,28.775,28.775,28.62,3807
2020-09-22 12:45:00-04:00,28.79,28.72,28.8,28.715,800
2020-09-22 12:50:00-04:00,28.68,28.61,28.68,28.61,409
2020-09-22 12:55:00-04:00,28.615,28.645,28.645,28.615,500
2020-09-22 13:00:00-04:00,28.66,28.615,28.66,28.615,200
2020-09-22 13:05:00-04:00,28.54,28.565,28.585,28.53,1410
2020-09-22 13:10:00-04:00,28.535,28.52,28.535,28.52,300
2020-09-22 13:20:00-04:00,28.59,28.59,28.59,28.59,186
2020-09-22 13:30:00-04:00,28.66,28.73,28.75,28.66,656
2020-09-22 13:35:00-04:00,28.73,28.75,28.75,28.73,341
2020-09-22 13:40:00-04:00,28.81,28.81,28.81,28.81,100
2020-09-22 13:45:00-04:00,28.82,28.825,28.825,28.82,207
2020-09-22 13:55:00-04:00,28.75,28.77,28.77,28.75,205
2020-09-22 14:00:00-04:00,28.785,28.79,28.79,28.785,206
2020-09-22 14:10:00-04:00,28.77,28.775,28.79,28.76,882
2020-09-22 14:15:00-04:00,28.745,28.765,28.77,28.745,400
2020-09-22 14:25:00-04:00,28.755,28.755,28.755,28.755,100
2020-09-22 14:30:00-04:00,28.7,28.7,28.71,28.7,325
2020-09-22 14:40:00-04:00,28.66,28.66,28.66,28.66,200
2020-09-22 14:45:00-04:00,28.65,28.65,28.65,28.65,100
2020-09-22 14:50:00-04:00,28.605,28.59,28.605,28.59,276
2020-09-22 15:00:00-04:00,28.565,28.565,28.565,28.565,100
2020-09-22 15:05:00-04:00,28.525,28.525,28.525,28.525,156
2020-09-22 15:10:00-04:00,28.585,28.555,28.585,28.555,300
2020-09-22 15:15:00-04:00,28.535,28.605,28.605,28.535,600
2020-09-22 15:20:00-04:00,28.62,28.605,28.62,28.585,300
2020-09-22 15:25:00-04:00,28.635,28.635,28.635,28.635,101
2020-09-22 15:30:00-04:00,28.605,28.595,28.615,28.585,1974
2020-09-22 15:35:00-04:00,28.62,28.595,28.625,28.58,2351
2020-09-22 15:40:00-04:00,28.595,28.605,28.61,28.585,1091
2020-09-22 15:45:00-04:00,28.62,28.625,28.635,28.61,2679
2020-09-22 15:50:00-04:00,28.64,28.565,28.64,28.56,7448
2020-09-22 15:55:00-04:00,28.57,28.62,28.64,28.57,26220
2020-09-23 09:30:00-04:00,28.94,29.025,29.025,28.94,400
2020-09-23 09:35:00-04:00,29.225,29.25,29.29,29.225,532
2020-09-23 09:40:00-04:00,29.215,29.145,29.215,29.105,505
2020-09-23 09:45:00-04:00,29.255,29.27,29.27,29.255,200
2020-09-23 09:50:00-04:00,29.34,29.27,29.34,29.205,659
2020-09-23 09:55:00-04:00,29.275,29.24,29.275,29.24,200
2020-09-23 10:00:00-04:00,29.225,29.14,29.225,29.12,510
2020-09-23 10:05:00-04:00,29.12,29.135,29.135,29.12,200
2020-09-23 10:10:00-04:00,29.07,29.05,29.1,29.05,633
2020-09-23 10:15:00-04:00,29.06,29.09,29.09,29.06,371
2020-09-23 10:20:00-04:00,29.3,29.27,29.3,29.25,430
2020-09-23 10:25:00-04:00,29.26,29.19,29.27,29.19,512
2020-09-23 10:30:00-04:00,29.17,29.16,29.17,29.15,579
2020-09-23 10:35:00-04:00,28.96,28.96,28.96,28.96,190
2020-09-23 10:40:00-04:00,29.03,29.03,29.03,29.03,120
2020-09-23 10:45:00-04:00,28.98,29.02,29.02,28.98,530
2020-09-23 10:50:00-04:00,28.995,28.995,28.995,28.995,164
2020-09-23 10:55:00-04:00,29.095,29.095,29.095,29.095,150
2020-09-23 11:00:00-04:00,29.09,29.1,29.1,29.075,466
2020-09-23 11:05:00-04:00,29.14,29.05,29.14,29.05,748
2020-09-23 11:10:00-04:00,29.04,28.99,29.04,28.99,942
2020-09-23 11:15:00-04:00,29.01,28.93,29.01,28.91,842
2020-09-23 11:20:00-04:00,28.925,28.9,28.925,28.9,732
2020-09-23 11:25:00-04:00,28.87,28.88,28.91,28.87,510
2020-09-23 11:30:00-04:00,28.87,28.85,28.87,28.85,210
2020-09-23 11:35:00-04:00,28.86,28.94,28.955,28.85,1152
2020-09-23 11:40:00-04:00,28.97,29.07,29.09,28.97,960
2020-09-23 11:45:00-04:00,29.055,29.08,29.09,29.03,1662
2020-09-23 11:50:00-04:00,29.09,29.12,29.12,29.08,1742
2020-09-23 11:55:00-04:00,29.115,29.19,29.19,29.115,647
2020-09-23 12:00:00-04:00,29.19,29.25,29.25,29.18,410
2020-09-23 12:05:00-04:00,29.19,29.18,29.205,29.16,812
2020-09-23 12:10:00-04:00,29.14,29.02,29.15,29.02,659
2020-09-23 12:15:00-04:00,29.045,29.055,29.055,29.045,540
2020-09-23 12:20:00-04:00,29.005,28.935,29.005,28.92,490
2020-09-23 12:25:00-04:00,28.985,28.98,28.985,28.98,634
2020-09-23 12:30:00-04:00,28.98,28.95,28.98,28.95,340
2020-09-23 12:35:00-04:00,29.05,29.065,29.065,29.05,240
2020-09-23 12:40:00-04:00,29.07,29.07,29.07,29.07,160
2020-09-23 12:45:00-04:00,29.035,29.02,29.035,29.02,410
2020-09-23 12:50:00-04:00,28.98,28.96,28.98,28.96,295
2020-09-23 12:55:00-04:00,28.97,28.96,28.99,28.96,517
2020-09-23 13:00:00-04:00,29,28.965,29.01,28.965,481
2020-09-23 13:05:00-04:00,28.89,28.89,28.89,28.89,112
2020-09-23 13:10:00-04:00,28.9,28.91,28.91,28.9,512
2020-09-23 13:15:00-04:00,28.87,28.885,28.885,28.87,330
2020-09-23 13:20:00-04:00,28.9,28.9,28.9,28.9,200
2020-09-23 13:25:00-04:00,28.86,28.85,28.86,28.85,550
2020-09-23 13:35:00-04:00,28.825,28.79,28.825,28.79,490
2020-09-23 13:40:00-04:00,28.81,28.82,28.82,28.81,320
2020-09-23 13:45:00-04:00,28.76,28.73,28.76,28.73,1060
2020-09-23 13:50:00-04:00,28.68,28.7,28.71,28.68,395
2020-09-23 13:55:00-04:00,28.725,28.725,28.725,28.725,230
2020-09-23 14:00:00-04:00,28.73,28.73,28.73,28.73,250
2020-09-23 14:05:00-04:00,28.72,28.68,28.72,28.68,752
2020-09-23 14:10:00-04:00,28.695,28.695,28.695,28.695,200
2020-09-23 14:15:00-04:00,28.69,28.58,28.7,28.58,1241
2020-09-23 14:20:00-04:00,28.55,28.55,28.55,28.55,382
2020-09-23 14:25:00-04:00,28.55,28.535,28.55,28.535,400
2020-09-23 14:30:00-04:00,28.5,28.535,28.55,28.5,791
2020-09-23 14:35:00-04:00,28.54,28.56,28.56,28.54,710
2020-09-23 14:40:00-04:00,28.56,28.57,28.61,28.55,842
2020-09-23 14:45:00-04:00,28.61,28.545,28.61,28.545,1740
2020-09-23 14:50:00-04:00,28.59,28.58,28.59,28.58,310
2020-09-23 14:55:00-04:00,28.43,28.46,28.46,28.43,744
2020-09-23 15:00:00-04:00,28.47,28.435,28.47,28.435,515
2020-09-23 15:05:00-04:00,28.44,28.44,28.44,28.44,111
2020-09-23 15:15:00-04:00,28.33,28.37,28.37,28.33,1022
2020-09-23 15:20:00-04:00,28.32,28.34,28.39,28.32,1362
2020-09-23 15:25:00-04:00,28.36,28.36,28.385,28.34,1448
2020-09-23 15:30:00-04:00,28.45,28.45,28.495,28.42,3228
2020-09-23 15:35:00-04:00,28.47,28.47,28.48,28.43,2674
2020-09-23 15:40:00-04:00,28.47,28.47,28.51,28.45,3247
2020-09-23 15:45:00-04:00,28.49,28.415,28.49,28.41,2815
2020-09-23 15:50:00-04:00,28.39,28.285,28.39,28.27,7481
2020-09-23 15:55:00-04:00,28.25,28.25,28.29,28.185,17740
